,DateTime,Open,High,Low,Close
0,2024-04-02 20:01:00,65990.0,66139.0,65576.5,65720.0
1,2024-04-02 21:00:00,65715.25,65820.0,65247.25,65708.5
2,2024-04-02 22:00:00,65709.25,65943.25,65605.75,65829.25
3,2024-04-02 23:00:00,65829.25,65837.5,65416.0,65463.25
4,2024-04-03 00:00:00,65463.0,65606.25,64532.25,65406.0
5,2024-04-03 01:00:00,65406.25,65926.5,65129.75,65819.0
6,2024-04-03 02:00:00,65819.25,66052.75,65711.5,65937.25
7,2024-04-03 03:00:00,65937.25,66293.0,65796.5,66239.25
8,2024-04-03 04:00:00,66239.25,66525.0,66172.75,66368.25
9,2024-04-03 05:00:00,66368.25,66393.25,65981.5,66127.0
10,2024-04-03 06:00:00,66127.0,66417.5,66104.25,66406.75
11,2024-04-03 07:00:00,66406.75,66509.0,66180.75,66187.75
12,2024-04-03 08:00:00,66187.5,66664.75,66065.0,66550.25
13,2024-04-03 09:00:00,66550.0,66648.0,66400.0,66514.0
14,2024-04-03 10:00:00,66513.75,66551.5,66090.0,66216.25
15,2024-04-03 11:00:00,66216.25,66243.25,65615.75,66094.0
16,2024-04-03 12:00:00,66094.25,66248.5,65795.75,65949.75
17,2024-04-03 13:00:00,65968.0,66058.5,65678.75,65823.0
18,2024-04-03 14:00:00,65823.0,67095.75,65823.0,66653.0
19,2024-04-03 15:00:00,66662.75,66662.75,65779.5,65878.0
20,2024-04-03 16:00:00,65877.75,66592.5,65827.0,66232.0
21,2024-04-03 17:00:00,66227.25,66394.75,65879.0,65996.5
22,2024-04-03 18:00:00,65996.75,66135.0,65531.5,66016.0
23,2024-04-03 19:00:00,66018.75,66156.25,65776.25,65847.5
24,2024-04-03 20:01:00,65860.25,65860.25,65603.25,65736.5
25,2024-04-03 21:00:00,65736.25,65949.75,65536.5,65936.25
26,2024-04-03 22:00:00,65936.25,66260.75,65904.75,66185.75
27,2024-04-03 23:00:00,66186.0,66288.25,65987.25,65987.5
28,2024-04-04 00:00:00,65987.5,66374.25,65873.75,66294.0
29,2024-04-04 01:00:00,66302.25,66320.25,66081.0,66180.75
30,2024-04-04 02:00:00,66180.75,66180.75,65550.75,65786.75
31,2024-04-04 03:00:00,65787.0,65812.0,65600.25,65644.75
32,2024-04-04 04:00:00,65644.75,65710.0,65122.0,65494.75
33,2024-04-04 05:00:00,65494.5,65686.75,65396.75,65602.25
34,2024-04-04 06:00:00,65602.25,65781.5,65559.75,65781.5
35,2024-04-04 07:00:00,65768.75,66264.0,65691.25,66074.75
36,2024-04-04 08:00:00,66074.75,66410.0,66015.25,66234.25
37,2024-04-04 09:00:00,66234.25,66387.0,66182.0,66287.75
38,2024-04-04 10:00:00,66287.75,66464.0,66166.0,66280.75
39,2024-04-04 11:00:00,66280.5,66423.5,66146.25,66342.75
40,2024-04-04 12:00:00,66342.75,66829.0,66340.0,66701.75
41,2024-04-04 13:00:00,66709.75,67533.25,66708.25,67291.75
42,2024-04-04 14:00:00,67286.5,67973.5,67135.0,67759.0
43,2024-04-04 15:00:00,67758.75,67840.5,67505.75,67674.75
44,2024-04-04 16:00:00,67674.75,68182.75,67580.25,67863.0
45,2024-04-04 17:00:00,67863.0,68947.25,67792.25,68876.5
46,2024-04-04 18:00:00,68876.5,69344.0,68549.25,68625.5
47,2024-04-04 19:00:00,68625.75,69121.0,68400.0,68517.0
48,2024-04-04 20:01:00,68559.0,68578.75,67382.0,67942.0
49,2024-04-04 21:00:00,67942.25,68158.25,67531.0,67804.5
50,2024-04-04 22:00:00,67804.5,68093.0,67638.25,67952.0
51,2024-04-04 23:00:00,67951.75,68556.0,67931.5,68524.0
52,2024-04-05 00:00:00,68524.25,68745.25,68217.0,68639.25
53,2024-04-05 01:00:00,68639.25,68639.25,67875.5,68197.25
54,2024-04-05 02:00:00,68197.25,68200.0,67491.0,67622.0
55,2024-04-05 03:00:00,67622.25,68042.0,67599.0,67873.0
56,2024-04-05 04:00:00,67873.0,68027.5,67510.25,67660.25
57,2024-04-05 05:00:00,67660.0,67761.75,66431.25,66938.25
58,2024-04-05 06:00:00,66925.25,67175.0,66820.0,67160.0
59,2024-04-05 07:00:00,67159.0,67159.0,66853.5,66928.5
60,2024-04-05 08:00:00,66928.5,67650.0,66928.25,67133.75
61,2024-04-05 09:00:00,67133.75,67151.25,66397.5,66822.5
62,2024-04-05 10:00:00,66809.25,67202.5,66727.0,67049.25
63,2024-04-05 11:00:00,67049.25,67096.25,66407.75,66494.5
64,2024-04-05 12:00:00,66502.75,66908.0,66000.0,66907.5
65,2024-04-05 13:00:00,66907.75,67617.0,66548.25,67536.75
66,2024-04-05 14:00:00,67532.5,68588.5,67365.0,68187.5
67,2024-04-05 15:00:00,68180.0,68282.25,67685.5,68247.5
68,2024-04-05 16:00:00,68247.5,68401.25,67745.75,68000.5
69,2024-04-05 17:00:00,68000.5,68012.25,67411.0,67439.25
70,2024-04-05 18:00:00,67439.25,67731.25,67341.75,67636.0
71,2024-04-05 19:00:00,67636.0,68080.25,67425.0,67425.25
72,2024-04-07 07:00:00,69263.75,69482.25,69258.0,69379.5
73,2024-04-07 08:00:00,69379.75,69555.75,69379.5,69509.25
74,2024-04-07 09:00:00,69503.5,69506.0,69243.0,69300.25
75,2024-04-07 10:00:00,69300.25,69485.25,69271.25,69334.0
76,2024-04-07 11:00:00,69333.75,69411.0,69225.75,69372.25
77,2024-04-07 12:00:00,69372.25,69430.25,69230.75,69351.25
78,2024-04-07 13:00:00,69351.0,69561.75,69329.0,69383.25
79,2024-04-07 14:00:00,69383.0,69662.75,69249.25,69584.5
80,2024-04-07 15:00:00,69584.5,69886.0,69392.25,69563.0
81,2024-04-07 16:00:00,69564.0,70329.0,69514.0,70075.5
82,2024-04-07 17:00:00,70069.25,70091.25,69693.5,69804.0
83,2024-04-07 18:00:00,69803.75,69807.25,69266.75,69397.25
84,2024-04-07 19:00:00,69397.25,69501.0,68926.25,69073.75
85,2024-04-07 20:00:00,69069.5,69404.5,69041.0,69324.25
86,2024-04-07 21:00:00,69324.25,69399.25,69054.25,69054.5
87,2024-04-07 22:00:00,69054.25,69346.0,68918.5,69202.0
88,2024-04-07 23:00:00,69201.75,69460.5,69201.75,69356.75
89,2024-04-08 00:00:00,69356.75,69418.25,69071.25,69317.0
90,2024-04-08 01:00:00,69317.0,69798.75,69284.25,69423.0
91,2024-04-08 02:00:00,69423.25,69423.25,69133.5,69206.75
92,2024-04-08 03:00:00,69211.75,69489.0,69163.25,69461.5
93,2024-04-08 04:00:00,69461.5,69485.0,69291.5,69400.75
94,2024-04-08 05:00:00,69400.75,69785.25,69400.5,69711.0
95,2024-04-08 06:00:00,69697.0,69810.5,69666.75,69794.25
96,2024-04-08 07:00:00,69794.25,70854.0,69794.0,70689.5
97,2024-04-08 08:00:00,70689.5,72121.0,70659.0,71936.0
98,2024-04-08 09:00:00,71943.25,72604.0,71643.25,72144.25
99,2024-04-08 10:00:00,72144.25,72321.75,71714.5,72284.75
100,2024-04-08 11:00:00,72285.0,72598.0,72173.5,72344.75
101,2024-04-08 12:00:00,72344.75,72736.0,72092.0,72123.25
102,2024-04-08 13:00:00,72123.25,72247.0,71656.25,71926.75
103,2024-04-08 14:00:00,71926.75,71935.25,71224.0,71700.0
104,2024-04-08 15:00:00,71700.0,71966.75,71591.5,71764.0
105,2024-04-08 16:00:00,71764.25,71976.25,71557.0,71764.25
106,2024-04-08 17:00:00,71764.5,71787.0,71303.25,71697.5
107,2024-04-08 18:00:00,71697.75,72092.75,71671.0,71920.0
108,2024-04-08 19:00:00,71918.75,71959.0,71576.75,71710.5
109,2024-04-08 20:01:00,71694.5,71753.75,71494.0,71697.5
110,2024-04-08 21:00:00,71697.75,71857.5,71602.5,71689.25
111,2024-04-08 22:00:00,71689.0,71920.0,71604.25,71904.25
112,2024-04-08 23:00:00,71904.25,71986.25,71625.25,71632.25
113,2024-04-09 00:00:00,71632.25,71743.25,70630.0,71408.0
114,2024-04-09 01:00:00,71408.0,71433.25,70865.0,71266.25
115,2024-04-09 02:00:00,71266.25,71591.0,71167.5,71476.75
116,2024-04-09 03:00:00,71476.75,71616.25,71205.25,71272.25
117,2024-04-09 04:00:00,71272.5,71316.25,70926.75,71197.5
118,2024-04-09 05:00:00,71197.75,71311.5,70987.25,71044.75
119,2024-04-09 06:00:00,71045.0,71275.75,70618.25,70771.75
120,2024-04-09 07:00:00,70776.75,70944.75,70186.5,70393.0
121,2024-04-09 08:00:00,70393.25,70612.0,69629.0,70527.0
122,2024-04-09 09:00:00,70514.5,70861.5,70286.5,70420.25
123,2024-04-09 10:00:00,70413.75,70702.25,70268.5,70593.25
124,2024-04-09 11:00:00,70593.5,70899.0,70593.25,70780.25
125,2024-04-09 12:00:00,70780.0,70937.75,70662.75,70715.75
126,2024-04-09 13:00:00,70715.75,70916.0,69943.0,69943.25
127,2024-04-09 14:00:00,69943.25,70418.25,68680.75,69342.75
128,2024-04-09 15:00:00,69343.0,69343.0,68535.0,69224.75
129,2024-04-09 16:00:00,69224.5,69294.75,68514.0,68576.25
130,2024-04-09 17:00:00,68576.25,68915.0,68218.0,68786.75
131,2024-04-09 18:00:00,68788.0,68975.75,68752.25,68853.0
132,2024-04-09 19:00:00,68847.75,69110.0,68658.25,69000.25
133,2024-04-09 20:01:00,69009.5,69170.75,69001.75,69130.75
134,2024-04-09 21:00:00,69130.75,69216.75,68923.0,69187.75
135,2024-04-09 22:00:00,69188.0,69408.5,69129.5,69302.75
136,2024-04-09 23:00:00,69303.0,69303.0,68870.25,69137.5
137,2024-04-10 00:00:00,69137.5,69268.5,69023.75,69132.0
138,2024-04-10 01:00:00,69131.75,69246.5,68595.5,69246.5
139,2024-04-10 02:00:00,69250.0,69574.75,68501.25,68653.25
140,2024-04-10 03:00:00,68653.0,69170.25,68621.0,69170.0
141,2024-04-10 04:00:00,69170.25,69192.5,69023.0,69132.25
142,2024-04-10 05:00:00,69132.25,69383.0,69132.0,69243.0
143,2024-04-10 06:00:00,69243.0,69455.0,69242.75,69370.25
144,2024-04-10 07:00:00,69370.5,69490.25,69292.25,69323.0
145,2024-04-10 08:00:00,69323.0,69323.0,68813.0,69035.0
146,2024-04-10 09:00:00,69006.25,69150.75,68921.0,69128.75
147,2024-04-10 10:00:00,69128.75,69164.0,68647.5,68935.25
148,2024-04-10 11:00:00,68935.25,69117.0,68864.0,69054.5
149,2024-04-10 12:00:00,69054.5,69182.0,67537.0,67958.75
150,2024-04-10 13:00:00,67958.75,68262.0,67483.25,68196.5
151,2024-04-10 14:00:00,68210.5,68947.5,67976.25,68701.0
152,2024-04-10 15:00:00,68701.25,68783.5,68292.5,68652.5
153,2024-04-10 16:00:00,68652.5,69540.0,68598.75,69520.75
154,2024-04-10 17:00:00,69520.75,69913.0,69170.75,69339.25
155,2024-04-10 18:00:00,69339.25,69402.5,69080.75,69300.0
156,2024-04-10 19:00:00,69303.5,70073.5,69227.0,70073.5
157,2024-04-10 20:01:00,70008.5,70133.0,69760.75,69816.0
158,2024-04-10 21:00:00,69815.75,70008.5,69586.0,70007.75
159,2024-04-10 22:00:00,70007.5,71168.5,70007.5,70518.75
160,2024-04-10 23:00:00,70518.75,70656.0,70478.25,70609.5
161,2024-04-11 00:00:00,70609.75,70627.75,70281.5,70521.5
162,2024-04-11 01:00:00,70521.5,70748.25,70483.25,70556.0
163,2024-04-11 02:00:00,70556.0,71051.0,70532.25,70977.25
164,2024-04-11 03:00:00,70977.25,70994.5,70786.75,70853.5
165,2024-04-11 04:00:00,70853.75,70870.5,70402.5,70613.75
166,2024-04-11 05:00:00,70614.0,70676.75,70465.0,70584.75
167,2024-04-11 06:00:00,70584.75,70836.25,70579.5,70710.0
168,2024-04-11 07:00:00,70710.0,71280.0,70709.75,70759.75
169,2024-04-11 08:00:00,70759.5,71234.0,70657.25,71023.5
170,2024-04-11 09:00:00,71029.75,71035.25,70594.0,70627.5
171,2024-04-11 10:00:00,70627.5,70752.25,70404.75,70435.25
172,2024-04-11 11:00:00,70436.0,70568.0,69888.75,69999.0
173,2024-04-11 12:00:00,69999.25,71065.25,69923.75,70854.0
174,2024-04-11 13:00:00,70853.75,70968.0,69690.0,70317.25
175,2024-04-11 14:00:00,70317.25,70330.0,69597.25,69597.25
176,2024-04-11 15:00:00,69597.5,70007.75,69575.25,70000.0
177,2024-04-11 16:00:00,69999.75,70107.75,69596.25,70023.5
178,2024-04-11 17:00:00,70023.75,70424.25,70016.0,70202.75
179,2024-04-11 18:00:00,70202.5,70422.0,69984.25,70103.0
180,2024-04-11 19:00:00,70103.25,70512.0,70029.0,70472.0
181,2024-04-11 20:01:00,70520.5,70728.0,70418.0,70495.75
182,2024-04-11 21:00:00,70495.75,70507.0,70095.0,70128.25
183,2024-04-11 22:00:00,70128.25,70271.75,70049.25,70191.0
184,2024-04-11 23:00:00,70190.75,70198.75,69837.5,70022.5
185,2024-04-12 00:00:00,70022.25,70331.0,70015.25,70314.0
186,2024-04-12 01:00:00,70312.75,70366.75,70139.0,70301.75
187,2024-04-12 02:00:00,70301.5,70770.25,70238.0,70649.0
188,2024-04-12 03:00:00,70649.0,70993.75,70648.75,70985.0
189,2024-04-12 04:00:00,70985.0,71226.0,70867.0,71131.25
190,2024-04-12 05:00:00,71131.0,71172.5,70932.75,70974.75
191,2024-04-12 06:00:00,70974.75,71018.5,70759.0,70890.5
192,2024-04-12 07:00:00,70890.25,70961.75,70580.0,70751.5
193,2024-04-12 08:00:00,70751.5,70889.75,70635.0,70767.5
194,2024-04-12 09:00:00,70767.5,70852.75,70514.0,70644.25
195,2024-04-12 10:00:00,70644.0,70821.5,70602.5,70775.5
196,2024-04-12 11:00:00,70775.25,70933.75,70746.5,70917.0
197,2024-04-12 12:00:00,70917.25,70940.0,70331.75,70496.75
198,2024-04-12 13:00:00,70496.75,70497.0,69632.25,69864.5
199,2024-04-12 14:00:00,69864.5,70036.0,69206.25,69236.75
200,2024-04-12 15:00:00,69226.25,69681.0,69214.5,69349.0
201,2024-04-12 16:00:00,69349.0,69543.25,68631.75,68823.5
202,2024-04-12 17:00:00,68804.25,68916.0,67367.75,68112.25
203,2024-04-12 18:00:00,68112.0,68348.0,65200.0,66519.75
204,2024-04-12 19:00:00,66524.25,67396.25,66350.0,66863.0
205,2024-04-14 07:00:00,64703.0,64933.0,64300.5,64500.5
206,2024-04-14 08:00:00,64500.75,64887.5,64436.0,64589.75
207,2024-04-14 09:00:00,64589.75,64753.0,63984.5,64158.0
208,2024-04-14 10:00:00,64161.0,64680.75,64161.0,64486.0
209,2024-04-14 11:00:00,64497.5,65120.0,63927.75,64209.5
210,2024-04-14 12:00:00,64209.25,64917.0,64130.75,64562.0
211,2024-04-14 13:00:00,64562.0,64853.0,64398.75,64429.5
212,2024-04-14 14:00:00,64420.75,64428.75,63498.0,63947.0
213,2024-04-14 15:00:00,63933.5,64485.5,63925.0,64187.25
214,2024-04-14 16:00:00,64187.25,64731.5,64149.5,64438.25
215,2024-04-14 17:00:00,64438.5,64599.0,62640.25,63892.5
216,2024-04-14 18:00:00,63889.0,64712.0,63786.25,64430.75
217,2024-04-14 19:00:00,64428.5,64484.25,63976.0,64193.25
218,2024-04-14 20:00:00,64193.25,64351.75,63742.0,63854.5
219,2024-04-14 21:00:00,63854.5,63868.0,63352.5,63720.5
220,2024-04-14 22:00:00,63720.75,65503.5,63675.0,65357.0
221,2024-04-14 23:00:00,65356.75,65850.0,65122.0,65747.25
222,2024-04-15 00:00:00,65744.0,65941.5,65367.75,65575.75
223,2024-04-15 01:00:00,65559.0,65755.5,65167.5,65359.0
224,2024-04-15 02:00:00,65359.25,65445.0,65003.75,65204.75
225,2024-04-15 03:00:00,65204.75,65389.5,65101.5,65198.0
226,2024-04-15 04:00:00,65200.0,65254.0,64772.5,64950.75
227,2024-04-15 05:00:00,64951.0,65546.25,64950.75,65508.75
228,2024-04-15 06:00:00,65508.75,66591.0,65420.25,66565.25
229,2024-04-15 07:00:00,66554.75,66617.0,66251.25,66342.0
230,2024-04-15 08:00:00,66326.5,66519.0,66156.75,66322.75
231,2024-04-15 09:00:00,66332.0,66896.0,66220.0,66672.5
232,2024-04-15 10:00:00,66672.25,66734.0,66450.0,66553.25
233,2024-04-15 11:00:00,66553.25,66752.25,65916.0,65916.0
234,2024-04-15 12:00:00,65916.25,66304.0,65891.25,66096.0
235,2024-04-15 13:00:00,66096.25,66465.0,65799.25,65936.5
236,2024-04-15 14:00:00,65936.5,66074.0,64241.75,64291.0
237,2024-04-15 15:00:00,64274.75,64794.0,63859.5,64608.0
238,2024-04-15 16:00:00,64607.75,64891.25,63955.75,64170.0
239,2024-04-15 17:00:00,64170.75,64756.0,63400.0,63935.0
240,2024-04-15 18:00:00,63935.0,64072.0,63134.0,63175.5
241,2024-04-15 19:00:00,63189.75,63647.0,62339.0,63326.0
242,2024-04-15 20:01:00,63452.0,63655.75,62983.0,63160.25
243,2024-04-15 21:00:00,63155.0,63486.25,62678.0,63274.75
244,2024-04-15 22:00:00,63274.75,63522.0,62800.0,63463.5
245,2024-04-15 23:00:00,63463.75,63562.5,63217.75,63441.25
246,2024-04-16 00:00:00,63442.0,63735.25,62983.0,63275.0
247,2024-04-16 01:00:00,63292.0,63901.5,63128.0,63188.25
248,2024-04-16 02:00:00,63187.0,63516.0,62821.25,63443.0
249,2024-04-16 03:00:00,63443.25,63577.25,62860.75,62999.5
250,2024-04-16 04:00:00,62999.5,63062.5,61752.75,62511.25
251,2024-04-16 05:00:00,62511.25,62919.75,62413.25,62754.75
252,2024-04-16 06:00:00,62754.75,63282.75,62690.0,63230.5
253,2024-04-16 07:00:00,63226.25,63827.75,63163.5,63535.25
254,2024-04-16 08:00:00,63535.0,63664.0,63112.75,63313.25
255,2024-04-16 09:00:00,63319.25,63586.5,63241.25,63264.75
256,2024-04-16 10:00:00,63265.0,63365.25,61655.25,62598.0
257,2024-04-16 11:00:00,62582.75,63254.5,62412.0,63113.25
258,2024-04-16 12:00:00,63113.25,63433.0,62831.75,63064.75
259,2024-04-16 13:00:00,63064.75,63359.5,62171.75,62702.25
260,2024-04-16 14:00:00,62714.5,63118.25,62072.75,62120.25
261,2024-04-16 15:00:00,62120.25,62429.0,61780.0,61791.25
262,2024-04-16 16:00:00,61791.25,62743.25,61732.75,62743.25
263,2024-04-16 17:00:00,62743.0,63283.75,62303.0,62530.25
264,2024-04-16 18:00:00,62530.5,63052.75,62477.25,63027.25
265,2024-04-16 19:00:00,63027.25,63108.75,62685.0,62743.75
266,2024-04-16 20:01:00,62741.75,63053.0,62587.5,63035.75
267,2024-04-16 21:00:00,63035.75,64364.75,62997.25,64051.0
268,2024-04-16 22:00:00,64051.0,64098.0,63666.25,63815.75
269,2024-04-16 23:00:00,63815.75,63900.5,63676.75,63826.25
270,2024-04-17 00:00:00,63826.5,64254.75,63626.25,64049.0
271,2024-04-17 01:00:00,64049.0,64066.75,63669.25,64038.0
272,2024-04-17 02:00:00,64037.75,64319.5,63742.75,63862.0
273,2024-04-17 03:00:00,63862.0,64068.75,63763.5,63868.5
274,2024-04-17 04:00:00,63868.5,64255.0,63701.0,64150.0
275,2024-04-17 05:00:00,64150.0,64489.25,63855.25,63950.5
276,2024-04-17 06:00:00,63950.75,63997.25,63766.75,63919.75
277,2024-04-17 07:00:00,63919.75,63952.25,63293.5,63429.75
278,2024-04-17 08:00:00,63420.0,63581.75,63217.5,63352.75
279,2024-04-17 09:00:00,63352.75,63561.75,63287.25,63354.75
280,2024-04-17 10:00:00,63354.75,63368.25,62805.0,62937.5
281,2024-04-17 11:00:00,62937.5,63185.5,62575.25,62625.75
282,2024-04-17 12:00:00,62625.75,62855.25,62115.5,62356.0
283,2024-04-17 13:00:00,62358.25,62973.75,62177.75,62653.25
284,2024-04-17 14:00:00,62654.25,62673.0,60761.5,61297.5
285,2024-04-17 15:00:00,61297.25,61528.25,59899.5,60295.0
286,2024-04-17 16:00:00,60295.0,61096.25,59680.5,60213.5
287,2024-04-17 17:00:00,60208.5,61378.0,60119.75,61283.75
288,2024-04-17 18:00:00,61302.0,61964.75,61159.5,61455.0
289,2024-04-17 19:00:00,61455.25,61474.25,60755.75,61023.5
290,2024-04-17 20:01:00,61102.75,61440.5,60789.5,60873.75
291,2024-04-17 21:00:00,60874.0,61652.75,60873.75,61293.5
292,2024-04-17 22:00:00,61293.25,61686.0,61174.5,61686.0
293,2024-04-17 23:00:00,61685.75,61692.5,61610.25,61610.5
294,2024-04-18 00:00:00,61610.75,61611.0,61000.0,61495.75
295,2024-04-18 01:00:00,61511.5,61672.5,61396.0,61645.0
296,2024-04-18 02:00:00,61645.0,61916.75,61484.0,61669.0
297,2024-04-18 03:00:00,61668.75,62217.0,61668.75,61991.0
298,2024-04-18 04:00:00,61991.0,62056.75,61586.5,61652.25
299,2024-04-18 05:00:00,61652.25,61810.75,61028.75,61063.0
300,2024-04-18 06:00:00,61107.0,61287.75,60833.5,61142.75
301,2024-04-18 07:00:00,61142.75,61343.0,60966.25,61201.0
302,2024-04-18 08:00:00,61200.75,61559.0,60916.5,61368.0
303,2024-04-18 09:00:00,61367.75,61713.5,61348.5,61654.0
304,2024-04-18 10:00:00,61644.25,61927.5,61525.25,61840.75
305,2024-04-18 11:00:00,61840.25,63102.5,61840.25,62634.25
306,2024-04-18 12:00:00,62634.0,62747.25,61695.0,62274.75
307,2024-04-18 13:00:00,62274.75,62889.25,62018.75,62874.5
308,2024-04-18 14:00:00,62874.25,64057.0,62658.0,63913.75
309,2024-04-18 15:00:00,63913.75,64221.25,63536.75,63565.0
310,2024-04-18 16:00:00,63565.0,63940.0,63365.25,63599.25
311,2024-04-18 17:00:00,63599.5,63678.0,62718.0,62876.5
312,2024-04-18 18:00:00,62876.5,63238.75,62406.75,63139.75
313,2024-04-18 19:00:00,63139.75,63623.0,63139.5,63541.0
314,2024-04-18 20:01:00,63394.0,63670.0,63329.25,63526.25
315,2024-04-18 21:00:00,63529.5,63852.0,63356.5,63512.0
316,2024-04-18 22:00:00,63509.25,63672.75,63216.75,63549.25
317,2024-04-18 23:00:00,63549.0,63692.5,63423.0,63501.25
318,2024-04-19 00:00:00,63501.25,63505.25,62693.5,62738.5
319,2024-04-19 01:00:00,62742.75,62793.5,60675.25,61029.0
320,2024-04-19 02:00:00,61029.0,61416.0,59623.25,61357.0
321,2024-04-19 03:00:00,61358.75,62073.5,61176.25,61793.75
322,2024-04-19 04:00:00,61793.75,62746.5,61780.25,62448.75
323,2024-04-19 05:00:00,62448.75,62607.0,61797.5,62089.75
324,2024-04-19 06:00:00,62093.75,64942.5,61875.75,64623.75
325,2024-04-19 07:00:00,64630.5,65174.5,64236.75,64572.5
326,2024-04-19 08:00:00,64572.75,65098.0,64174.5,64653.25
327,2024-04-19 09:00:00,64653.25,64954.5,64512.75,64815.0
328,2024-04-19 10:00:00,64813.0,65180.75,64477.25,64784.0
329,2024-04-19 11:00:00,64784.25,65431.0,64746.5,64924.75
330,2024-04-19 12:00:00,64924.75,65463.0,64813.25,65040.0
331,2024-04-19 13:00:00,65039.75,65130.0,64509.0,64943.75
332,2024-04-19 14:00:00,64944.5,65012.5,63906.0,64470.5
333,2024-04-19 15:00:00,64470.5,64721.0,64368.5,64462.5
334,2024-04-19 16:00:00,64462.75,64554.0,63555.25,64029.0
335,2024-04-19 17:00:00,64029.25,64821.75,63986.0,64672.25
336,2024-04-19 18:00:00,64672.25,64684.25,64143.5,64195.0
337,2024-04-19 19:00:00,64194.75,64393.0,64121.25,64337.0
338,2024-04-21 07:00:00,65086.25,65185.25,64947.25,65179.75
339,2024-04-21 08:00:00,65174.25,65228.25,64957.5,64959.0
340,2024-04-21 09:00:00,64959.0,64995.5,64816.0,64912.5
341,2024-04-21 10:00:00,64912.25,64981.75,64820.0,64981.5
342,2024-04-21 11:00:00,64981.75,65441.5,64978.5,65279.0
343,2024-04-21 12:00:00,65279.0,65373.75,64968.0,65038.0
344,2024-04-21 13:00:00,65038.0,65247.75,64812.75,64894.0
345,2024-04-21 14:00:00,64893.75,65042.25,64822.75,64914.25
346,2024-04-21 15:00:00,64914.5,65139.0,64914.25,65054.5
347,2024-04-21 16:00:00,65054.5,65090.5,64262.25,64586.0
348,2024-04-21 17:00:00,64586.25,64877.5,64553.0,64834.25
349,2024-04-21 18:00:00,64834.0,64872.25,64644.0,64776.25
350,2024-04-21 19:00:00,64776.25,64844.75,64541.0,64547.5
351,2024-04-21 20:00:00,64547.5,64721.25,64384.5,64653.25
352,2024-04-21 21:00:00,64653.25,65166.0,64653.0,64672.0
353,2024-04-21 22:00:00,64672.0,65101.0,64593.5,65042.5
354,2024-04-21 23:00:00,65042.75,65070.75,64893.5,64943.25
355,2024-04-22 00:00:00,64943.5,65164.0,64788.5,64932.75
356,2024-04-22 01:00:00,64931.0,65648.25,64644.75,64704.75
357,2024-04-22 02:00:00,64694.25,64863.5,64527.25,64811.25
358,2024-04-22 03:00:00,64811.5,66067.25,64794.0,65720.75
359,2024-04-22 04:00:00,65724.25,65896.0,65534.75,65753.0
360,2024-04-22 05:00:00,65752.75,66460.0,65738.5,66405.0
361,2024-04-22 06:00:00,66413.0,66440.25,66195.0,66366.25
362,2024-04-22 07:00:00,66366.5,66513.5,66025.25,66025.5
363,2024-04-22 08:00:00,66025.25,66232.75,65953.0,66000.25
364,2024-04-22 09:00:00,66000.5,66076.5,65862.0,65957.75
365,2024-04-22 10:00:00,65964.5,66153.0,65923.25,66075.0
366,2024-04-22 11:00:00,66074.75,66138.0,65753.5,65911.25
367,2024-04-22 12:00:00,65911.5,66008.25,65687.75,66008.25
368,2024-04-22 13:00:00,66008.0,66298.0,65732.0,66156.25
369,2024-04-22 14:00:00,66156.25,66520.75,66021.25,66083.25
370,2024-04-22 15:00:00,66080.0,66117.0,65730.75,66013.0
371,2024-04-22 16:00:00,66013.0,66434.0,65965.25,66184.25
372,2024-04-22 17:00:00,66184.5,66855.0,66175.5,66577.25
373,2024-04-22 18:00:00,66575.25,66706.0,66331.5,66358.75
374,2024-04-22 19:00:00,66358.75,66617.25,66169.5,66580.0
375,2024-04-22 20:01:00,66531.25,66745.25,66435.5,66516.25
376,2024-04-22 21:00:00,66516.25,66571.25,66366.0,66546.0
377,2024-04-22 22:00:00,66546.0,67209.0,66546.0,67041.0
378,2024-04-22 23:00:00,67040.75,67253.25,66826.25,66844.75
379,2024-04-23 00:00:00,66844.75,67056.75,66764.25,67049.0
380,2024-04-23 01:00:00,67051.5,67196.0,66820.5,66830.5
381,2024-04-23 02:00:00,66830.25,66937.0,66606.25,66652.75
382,2024-04-23 03:00:00,66652.5,66789.5,66473.25,66497.0
383,2024-04-23 04:00:00,66487.25,66590.0,66221.5,66270.5
384,2024-04-23 05:00:00,66270.5,66629.5,66248.5,66533.0
385,2024-04-23 06:00:00,66533.0,66658.0,66351.75,66401.0
386,2024-04-23 07:00:00,66401.0,66448.75,66098.5,66121.0
387,2024-04-23 08:00:00,66121.0,66255.75,66000.5,66243.0
388,2024-04-23 09:00:00,66243.25,66306.0,66078.0,66078.0
389,2024-04-23 10:00:00,66078.25,66305.75,66078.0,66250.0
390,2024-04-23 11:00:00,66250.25,66274.0,65892.25,66049.0
391,2024-04-23 12:00:00,66049.25,66173.0,65843.5,66120.75
392,2024-04-23 13:00:00,66120.75,66589.0,66081.5,66548.0
393,2024-04-23 14:00:00,66548.0,67152.75,66459.5,66931.75
394,2024-04-23 15:00:00,66932.0,66949.5,66366.0,66413.25
395,2024-04-23 16:00:00,66436.75,66809.25,66386.75,66753.0
396,2024-04-23 17:00:00,66752.75,66908.0,66613.0,66762.0
397,2024-04-23 18:00:00,66761.75,66878.0,66634.75,66783.5
398,2024-04-23 19:00:00,66783.25,66786.5,66426.75,66479.0
399,2024-04-23 20:01:00,66446.25,66455.0,66000.0,66347.5
400,2024-04-23 21:00:00,66347.75,66445.25,66264.75,66352.75
401,2024-04-23 22:00:00,66352.75,66460.25,66286.75,66366.5
402,2024-04-23 23:00:00,66366.5,66434.5,66144.0,66404.25
403,2024-04-24 00:00:00,66404.25,66743.0,66404.25,66733.25
404,2024-04-24 01:00:00,66733.0,66880.0,66684.75,66763.25
405,2024-04-24 02:00:00,66763.5,66763.5,66482.75,66546.25
406,2024-04-24 03:00:00,66546.0,66705.25,66546.0,66599.5
407,2024-04-24 04:00:00,66599.75,67050.5,66598.5,67021.0
408,2024-04-24 05:00:00,67019.75,67047.5,66650.25,66736.75
409,2024-04-24 06:00:00,66736.75,66774.25,66562.0,66759.0
410,2024-04-24 07:00:00,66759.0,66855.25,66603.0,66639.5
411,2024-04-24 08:00:00,66639.5,66729.0,66486.75,66522.25
412,2024-04-24 09:00:00,66522.5,66522.5,66278.5,66361.0
413,2024-04-24 10:00:00,66361.0,66480.0,66206.0,66428.5
414,2024-04-24 11:00:00,66428.5,66604.75,66362.0,66563.75
415,2024-04-24 12:00:00,66563.75,66725.25,66363.0,66363.0
416,2024-04-24 13:00:00,66363.25,66363.25,65833.5,66051.5
417,2024-04-24 14:00:00,66044.0,66176.0,64761.0,65215.75
418,2024-04-24 15:00:00,65215.75,65215.75,64499.0,64599.5
419,2024-04-24 16:00:00,64599.25,64891.75,64325.5,64774.75
420,2024-04-24 17:00:00,64768.0,65078.25,64734.25,64858.25
421,2024-04-24 18:00:00,64858.25,64873.25,64069.0,64081.75
422,2024-04-24 19:00:00,64082.0,64424.75,63200.0,63933.5
423,2024-04-24 20:01:00,64070.0,64166.5,63552.25,64058.5
424,2024-04-24 21:00:00,64058.5,64378.0,63935.0,64340.25
425,2024-04-24 22:00:00,64340.25,64350.0,63934.75,64078.25
426,2024-04-24 23:00:00,64078.0,64306.0,63800.0,64271.25
427,2024-04-25 00:00:00,64271.5,64705.25,64225.75,64564.5
428,2024-04-25 01:00:00,64564.5,64630.75,64052.25,64058.5
429,2024-04-25 02:00:00,64052.25,64295.75,63857.25,64278.5
430,2024-04-25 03:00:00,64278.5,64446.75,64148.25,64288.5
431,2024-04-25 04:00:00,64288.5,64368.25,64053.25,64307.25
432,2024-04-25 05:00:00,64307.5,64340.0,64035.0,64227.0
433,2024-04-25 06:00:00,64227.0,64357.75,64199.25,64258.0
434,2024-04-25 07:00:00,64258.0,64332.0,63835.0,63984.0
435,2024-04-25 08:00:00,63990.0,64145.0,63721.25,63920.75
436,2024-04-25 09:00:00,63921.0,64170.0,63826.75,63944.75
437,2024-04-25 10:00:00,63953.0,63953.0,63350.0,63492.0
438,2024-04-25 11:00:00,63485.75,63968.0,63485.75,63840.5
439,2024-04-25 12:00:00,63840.25,64254.0,63277.0,63395.25
440,2024-04-25 13:00:00,63395.25,63525.25,62764.0,63383.75
441,2024-04-25 14:00:00,63383.5,63815.0,63216.0,63356.25
442,2024-04-25 15:00:00,63356.5,64144.25,63253.0,64097.75
443,2024-04-25 16:00:00,64098.0,64468.75,63951.5,64401.75
444,2024-04-25 17:00:00,64401.75,64798.25,64370.5,64667.5
445,2024-04-25 18:00:00,64669.5,64915.0,64468.0,64672.0
446,2024-04-25 19:00:00,64672.25,64733.0,64547.25,64685.75
447,2024-04-25 20:01:00,64776.75,64941.75,64483.0,64797.75
448,2024-04-25 21:00:00,64797.5,65251.0,64702.5,64723.75
449,2024-04-25 22:00:00,64723.75,64742.75,64578.0,64601.0
450,2024-04-25 23:00:00,64601.0,64735.5,64440.5,64486.0
451,2024-04-26 00:00:00,64486.0,64548.0,64121.25,64294.25
452,2024-04-26 01:00:00,64294.0,64639.25,63929.75,64382.0
453,2024-04-26 02:00:00,64382.25,64652.25,64303.75,64506.25
454,2024-04-26 03:00:00,64506.25,64506.25,64314.75,64370.25
455,2024-04-26 04:00:00,64370.25,64384.25,64174.75,64212.5
456,2024-04-26 05:00:00,64212.75,64593.5,64036.25,64546.75
457,2024-04-26 06:00:00,64568.0,64568.25,64262.0,64401.5
458,2024-04-26 07:00:00,64401.25,64606.75,64274.25,64291.5
459,2024-04-26 08:00:00,64291.5,64447.0,64254.25,64405.25
460,2024-04-26 09:00:00,64405.0,64560.75,64349.0,64438.25
461,2024-04-26 10:00:00,64441.5,64530.25,64071.25,64108.5
462,2024-04-26 11:00:00,64108.5,64235.75,64075.5,64227.75
463,2024-04-26 12:00:00,64227.5,64493.0,63974.25,64115.5
464,2024-04-26 13:00:00,64115.75,64534.0,63673.0,64504.75
465,2024-04-26 14:00:00,64505.0,64770.25,63792.75,63837.5
466,2024-04-26 15:00:00,63837.25,64002.0,63341.75,63468.5
467,2024-04-26 16:00:00,63468.75,63734.75,63316.0,63648.0
468,2024-04-26 17:00:00,63648.0,64078.25,63552.0,63987.5
469,2024-04-26 18:00:00,63987.5,64131.0,63926.75,64042.25
470,2024-04-26 19:00:00,64042.5,64088.75,63727.25,63727.25
471,2024-04-28 07:00:00,63938.5,64000.0,63871.75,63883.5
472,2024-04-28 08:00:00,63883.5,63936.75,63641.5,63674.25
473,2024-04-28 09:00:00,63674.25,63767.75,63647.0,63712.25
474,2024-04-28 10:00:00,63712.0,63744.5,63362.75,63626.75
475,2024-04-28 11:00:00,63627.0,63653.0,63380.75,63443.75
476,2024-04-28 12:00:00,63444.0,63618.0,63401.0,63568.25
477,2024-04-28 13:00:00,63568.5,63824.5,63509.25,63753.0
478,2024-04-28 14:00:00,63753.25,63753.25,63488.5,63572.5
479,2024-04-28 15:00:00,63572.25,63617.5,63450.0,63520.0
480,2024-04-28 16:00:00,63520.0,63763.25,63463.0,63667.75
481,2024-04-28 17:00:00,63667.75,63764.0,63578.0,63753.25
482,2024-04-28 18:00:00,63753.25,63947.0,63686.25,63894.5
483,2024-04-28 19:00:00,63899.75,63899.75,63717.75,63717.75
484,2024-04-28 20:00:00,63717.75,63717.75,63577.75,63660.5
485,2024-04-28 21:00:00,63660.5,63688.0,63597.5,63642.0
486,2024-04-28 22:00:00,63642.0,63696.0,62919.25,63117.25
487,2024-04-28 23:00:00,63117.5,63137.25,62780.25,63097.0
488,2024-04-29 00:00:00,63101.5,63278.75,62993.25,63225.75
489,2024-04-29 01:00:00,63225.5,63334.25,63071.5,63205.0
490,2024-04-29 02:00:00,63205.0,63262.25,62571.0,62702.0
491,2024-04-29 03:00:00,62702.0,62753.25,62208.25,62273.5
492,2024-04-29 04:00:00,62273.5,62610.0,62197.5,62512.25
493,2024-04-29 05:00:00,62512.5,62514.75,62067.75,62424.5
494,2024-04-29 06:00:00,62430.25,62455.0,61953.0,62178.75
495,2024-04-29 07:00:00,62178.75,62393.5,61953.0,62384.25
496,2024-04-29 08:00:00,62384.5,62475.0,62223.25,62387.0
497,2024-04-29 09:00:00,62387.0,62630.5,62269.75,62513.75
498,2024-04-29 10:00:00,62514.0,62669.0,62388.75,62389.25
499,2024-04-29 11:00:00,62389.0,62420.25,62183.5,62258.0
500,2024-04-29 12:00:00,62258.25,62627.25,62049.5,62574.0
501,2024-04-29 13:00:00,62574.0,62656.25,61788.0,61979.25
502,2024-04-29 14:00:00,61988.0,63000.0,61900.0,62835.25
503,2024-04-29 15:00:00,62835.0,63169.0,62745.5,63041.0
504,2024-04-29 16:00:00,63041.25,63177.0,62755.5,62794.0
505,2024-04-29 17:00:00,62794.0,63300.0,62793.75,63036.5
506,2024-04-29 18:00:00,63036.5,63036.5,62712.0,62850.5
507,2024-04-29 19:00:00,62845.75,62950.0,62511.25,62949.75
508,2024-04-29 20:01:00,62949.75,63100.25,62872.0,62930.25
509,2024-04-29 21:00:00,62930.0,63128.25,62807.75,63069.25
510,2024-04-29 22:00:00,63069.5,63903.25,63037.25,63864.0
511,2024-04-29 23:00:00,63864.25,64170.75,63802.25,63841.25
512,2024-04-30 00:00:00,63841.5,64688.25,63682.5,64561.75
513,2024-04-30 01:00:00,64565.25,64565.25,63594.0,63596.75
514,2024-04-30 02:00:00,63575.0,63859.0,63117.0,63766.75
515,2024-04-30 03:00:00,63764.5,63787.5,63541.0,63633.5
516,2024-04-30 04:00:00,63633.5,63709.0,63354.0,63373.75
517,2024-04-30 05:00:00,63374.0,63471.25,63089.0,63321.0
518,2024-04-30 06:00:00,63321.25,63453.5,63241.75,63384.5
519,2024-04-30 07:00:00,63384.75,63431.0,63153.75,63153.75
520,2024-04-30 08:00:00,63153.75,63222.5,61833.75,61912.5
521,2024-04-30 09:00:00,61904.0,62112.25,61601.0,61688.0
522,2024-04-30 10:00:00,61687.75,61765.5,61456.0,61765.5
523,2024-04-30 11:00:00,61765.25,61765.25,61018.5,61197.25
524,2024-04-30 12:00:00,61197.0,61321.25,60741.0,61221.0
525,2024-04-30 13:00:00,61214.25,61291.0,60774.75,60798.5
526,2024-04-30 14:00:00,60798.5,61502.5,60536.0,61215.5
527,2024-04-30 15:00:00,61215.25,61359.5,60558.5,60718.75
528,2024-04-30 16:00:00,60719.0,60840.0,60133.5,60297.75
529,2024-04-30 17:00:00,60298.0,60443.5,60006.0,60315.25
530,2024-04-30 18:00:00,60315.0,60459.5,59975.0,60336.5
531,2024-04-30 19:00:00,60336.25,60419.5,59078.5,59150.5
532,2024-04-30 20:01:00,59614.0,60063.5,59494.25,59875.75
533,2024-04-30 21:00:00,59875.5,60291.0,59875.5,60098.0
534,2024-04-30 22:00:00,60107.25,60982.25,60078.75,60524.5
535,2024-04-30 23:00:00,60524.5,60863.5,60349.0,60626.75
536,2024-05-01 00:00:00,60627.0,60773.5,60023.25,60181.75
537,2024-05-01 01:00:00,60181.5,60339.0,59804.0,60063.25
538,2024-05-01 02:00:00,60063.25,60096.25,59519.75,59851.5
539,2024-05-01 03:00:00,59851.5,60230.5,59844.5,60178.75
540,2024-05-01 04:00:00,60178.75,60263.0,60132.25,60218.5
541,2024-05-01 05:00:00,60218.75,60239.0,59938.0,59956.75
542,2024-05-01 06:00:00,59949.0,59949.0,59492.0,59492.0
543,2024-05-01 07:00:00,59267.75,59267.75,57057.25,57430.5
544,2024-05-01 08:00:00,57424.25,63000.0,56517.25,57051.75
545,2024-05-01 09:00:00,57058.0,57522.75,56954.0,57050.75
546,2024-05-01 10:00:00,57050.5,57700.75,56796.5,57700.75
547,2024-05-01 11:00:00,57700.75,57826.0,57384.5,57819.5
548,2024-05-01 12:00:00,57819.25,58219.75,57664.5,57926.75
549,2024-05-01 13:00:00,57926.5,57943.0,57171.5,57219.5
550,2024-05-01 14:00:00,57227.25,57516.75,57044.75,57415.0
551,2024-05-01 15:00:00,57427.0,57450.0,56625.5,56790.75
552,2024-05-01 16:00:00,56790.75,57359.0,56680.75,56964.0
553,2024-05-01 17:00:00,56964.0,57612.25,56571.25,57379.75
554,2024-05-01 18:00:00,57379.5,59468.75,57281.25,58863.0
555,2024-05-01 19:00:00,58888.0,59208.25,56823.0,56910.75
556,2024-05-01 20:01:00,57066.75,57459.25,56714.25,57306.5
557,2024-05-01 21:00:00,57304.0,58058.75,57192.0,57812.5
558,2024-05-01 22:00:00,57839.0,58090.0,57783.75,57799.25
559,2024-05-01 23:00:00,57799.25,58475.0,57755.25,58266.75
560,2024-05-02 00:00:00,58266.75,58496.5,57600.0,57702.5
561,2024-05-02 01:00:00,57702.75,57818.75,56922.0,57052.25
562,2024-05-02 02:00:00,57057.0,57564.0,57056.75,57397.75
563,2024-05-02 03:00:00,57397.75,57631.0,57333.75,57372.25
564,2024-05-02 04:00:00,57372.25,57551.0,57257.0,57330.75
565,2024-05-02 05:00:00,57330.75,57464.25,57178.0,57432.25
566,2024-05-02 06:00:00,57432.25,57674.0,57371.5,57584.5
567,2024-05-02 07:00:00,57584.5,57889.0,57584.5,57638.75
568,2024-05-02 08:00:00,57638.75,57929.75,57594.75,57811.5
569,2024-05-02 09:00:00,57811.75,57850.75,57639.75,57758.75
570,2024-05-02 10:00:00,57758.75,57869.5,57583.5,57794.75
571,2024-05-02 11:00:00,57794.75,58664.25,57794.5,58561.0
572,2024-05-02 12:00:00,58555.5,59096.5,58451.0,58546.0
573,2024-05-02 13:00:00,58545.75,58768.75,58247.5,58443.0
574,2024-05-02 14:00:00,58446.0,59298.0,58306.5,59067.5
575,2024-05-02 15:00:00,59065.5,59448.5,58977.0,59268.0
576,2024-05-02 16:00:00,59284.75,59316.25,58948.25,59040.0
577,2024-05-02 17:00:00,59040.0,59275.0,58967.0,59201.0
578,2024-05-02 18:00:00,59201.0,59575.25,59020.5,59422.25
579,2024-05-02 19:00:00,59422.0,59422.0,59046.0,59363.5
580,2024-05-02 20:01:00,59254.75,59443.5,58665.5,58747.5
581,2024-05-02 21:00:00,58747.5,59631.25,58725.75,59118.0
582,2024-05-02 22:00:00,59118.0,59433.75,59093.5,59330.0
583,2024-05-02 23:00:00,59330.25,59377.0,59091.75,59094.75
584,2024-05-03 00:00:00,59094.75,59133.0,58831.25,59049.25
585,2024-05-03 01:00:00,59049.0,59516.5,59027.75,59335.75
586,2024-05-03 02:00:00,59336.0,59900.0,59295.5,59547.75
587,2024-05-03 03:00:00,59548.0,60000.0,59548.0,59735.75
588,2024-05-03 04:00:00,59735.5,59849.25,59574.5,59606.0
589,2024-05-03 05:00:00,59605.75,59629.0,59490.5,59539.75
590,2024-05-03 06:00:00,59539.5,59576.0,59271.75,59271.75
591,2024-05-03 07:00:00,59272.0,59423.25,59080.5,59185.0
592,2024-05-03 08:00:00,59185.0,59387.0,59146.75,59232.0
593,2024-05-03 09:00:00,59231.75,59587.0,59227.5,59492.25
594,2024-05-03 10:00:00,59492.5,59492.5,58877.25,59046.25
595,2024-05-03 11:00:00,59046.25,59412.75,58880.5,59278.5
596,2024-05-03 12:00:00,59278.75,60742.75,59000.5,60637.25
597,2024-05-03 13:00:00,60637.25,61795.0,60524.75,61701.5
598,2024-05-03 14:00:00,61701.5,62124.0,61402.5,61656.5
599,2024-05-03 15:00:00,61656.25,61810.0,61360.5,61689.0
600,2024-05-03 16:00:00,61695.25,62186.0,61585.5,61707.25
601,2024-05-03 17:00:00,61707.5,61964.75,61570.0,61835.25
602,2024-05-03 18:00:00,61830.25,62000.0,61753.25,61846.5
603,2024-05-03 19:00:00,61846.75,62114.75,61622.0,62114.5
604,2024-05-05 07:00:00,63386.0,63952.25,63381.25,63771.0
605,2024-05-05 08:00:00,63771.0,63906.0,63586.5,63682.25
606,2024-05-05 09:00:00,63682.5,63742.75,63598.5,63684.0
607,2024-05-05 10:00:00,63684.0,63828.0,63579.0,63689.75
608,2024-05-05 11:00:00,63689.75,63924.75,63643.5,63858.0
609,2024-05-05 12:00:00,63858.0,63875.5,63648.0,63728.5
610,2024-05-05 13:00:00,63728.5,64257.0,63646.75,64122.25
611,2024-05-05 14:00:00,64126.25,64138.25,63778.75,64103.75
612,2024-05-05 15:00:00,64103.5,64620.25,64006.0,64422.75
613,2024-05-05 16:00:00,64422.75,64519.75,64218.25,64326.75
614,2024-05-05 17:00:00,64326.5,64471.5,64184.75,64223.25
615,2024-05-05 18:00:00,64223.5,64237.5,63854.75,63933.0
616,2024-05-05 19:00:00,63933.25,64008.5,63859.5,63867.0
617,2024-05-05 20:00:00,63867.0,63867.0,63592.25,63731.75
618,2024-05-05 21:00:00,63731.5,63866.75,63599.75,63866.75
619,2024-05-05 22:00:00,63866.5,63914.25,63718.75,63874.5
620,2024-05-05 23:00:00,63874.5,64238.0,63860.75,64022.75
621,2024-05-06 00:00:00,64023.0,64341.75,64022.75,64232.0
622,2024-05-06 01:00:00,64231.75,64472.75,64091.0,64156.75
623,2024-05-06 02:00:00,64157.0,64224.0,63857.0,63857.25
624,2024-05-06 03:00:00,63844.75,63940.5,63747.0,63871.75
625,2024-05-06 04:00:00,63872.0,64162.5,63793.75,64149.25
626,2024-05-06 05:00:00,64149.25,64322.0,64052.25,64185.0
627,2024-05-06 06:00:00,64185.25,64444.0,64164.0,64241.75
628,2024-05-06 07:00:00,64241.5,64550.0,64187.25,64550.0
629,2024-05-06 08:00:00,64550.0,65500.0,64505.5,65138.0
630,2024-05-06 09:00:00,65140.0,65358.0,65120.5,65163.25
631,2024-05-06 10:00:00,65163.5,65244.25,63833.75,64004.5
632,2024-05-06 11:00:00,64004.25,64342.5,63999.5,64206.25
633,2024-05-06 12:00:00,64210.75,64317.5,63361.25,63582.25
634,2024-05-06 13:00:00,63582.25,63969.5,63471.5,63856.5
635,2024-05-06 14:00:00,63856.5,64216.75,63250.5,63286.0
636,2024-05-06 15:00:00,63275.0,63750.0,62914.25,63634.25
637,2024-05-06 16:00:00,63634.25,63737.5,63116.25,63195.0
638,2024-05-06 17:00:00,63194.75,63497.25,62978.0,63154.75
639,2024-05-06 18:00:00,63155.25,63529.0,62984.0,63402.75
640,2024-05-06 19:00:00,63403.0,63408.0,62724.0,63192.25
641,2024-05-06 20:01:00,63180.25,63396.25,63040.75,63308.25
642,2024-05-06 21:00:00,63308.0,63596.5,63308.0,63548.0
643,2024-05-06 22:00:00,63547.5,63560.75,63404.5,63482.0
644,2024-05-06 23:00:00,63481.75,63482.0,63139.0,63159.0
645,2024-05-07 00:00:00,63158.75,63654.25,62975.5,63532.25
646,2024-05-07 01:00:00,63532.5,63962.25,63482.75,63879.25
647,2024-05-07 02:00:00,63879.0,63936.75,63632.75,63701.75
648,2024-05-07 03:00:00,63701.75,63722.25,62867.75,63237.75
649,2024-05-07 04:00:00,63237.5,63445.25,63092.25,63445.0
650,2024-05-07 05:00:00,63445.25,63681.5,63271.75,63543.0
651,2024-05-07 06:00:00,63543.0,63699.75,63419.0,63634.25
652,2024-05-07 07:00:00,63634.5,63835.25,63562.25,63679.25
653,2024-05-07 08:00:00,63679.25,64382.25,63625.5,64230.5
654,2024-05-07 09:00:00,64230.75,64352.0,64094.5,64117.0
655,2024-05-07 10:00:00,64117.25,64156.0,63777.25,64089.75
656,2024-05-07 11:00:00,64089.5,64121.0,63368.75,63472.0
657,2024-05-07 12:00:00,63478.5,63715.5,63478.25,63650.75
658,2024-05-07 13:00:00,63650.5,63702.75,63103.0,63205.0
659,2024-05-07 14:00:00,63205.0,64057.25,63086.0,64050.25
660,2024-05-07 15:00:00,64050.5,64310.0,63607.0,63729.5
661,2024-05-07 16:00:00,63729.25,63864.75,63500.75,63627.25
662,2024-05-07 17:00:00,63627.5,63641.25,63329.25,63358.5
663,2024-05-07 18:00:00,63358.25,63371.5,62795.0,63162.5
664,2024-05-07 19:00:00,63165.5,63261.75,62968.25,63054.25
665,2024-05-07 20:01:00,63007.0,63172.75,62889.75,62975.25
666,2024-05-07 21:00:00,62975.5,63141.5,62828.75,63075.25
667,2024-05-07 22:00:00,63066.0,63097.75,62767.5,62861.5
668,2024-05-07 23:00:00,62861.5,62875.75,62277.25,62324.0
669,2024-05-08 00:00:00,62323.75,62681.75,62119.25,62589.75
670,2024-05-08 01:00:00,62589.75,62687.0,62421.0,62519.75
671,2024-05-08 02:00:00,62519.75,62845.25,62519.75,62765.5
672,2024-05-08 03:00:00,62759.0,62956.25,62597.75,62886.0
673,2024-05-08 04:00:00,62885.75,62993.75,62357.5,62521.25
674,2024-05-08 05:00:00,62521.25,62725.25,62356.75,62611.0
675,2024-05-08 06:00:00,62611.25,62694.5,62138.0,62479.0
676,2024-05-08 07:00:00,62479.0,62586.75,62085.0,62178.25
677,2024-05-08 08:00:00,62178.5,62391.5,62058.75,62370.5
678,2024-05-08 09:00:00,62349.0,62396.75,62076.5,62283.75
679,2024-05-08 10:00:00,62290.0,62508.0,62261.5,62463.75
680,2024-05-08 11:00:00,62463.75,62481.25,62164.5,62248.25
681,2024-05-08 12:00:00,62248.0,62434.5,62087.5,62204.0
682,2024-05-08 13:00:00,62204.0,62410.0,61766.0,62409.75
683,2024-05-08 14:00:00,62421.5,62802.75,62154.0,62552.75
684,2024-05-08 15:00:00,62552.75,62587.0,61876.0,62259.0
685,2024-05-08 16:00:00,62258.75,62427.25,61985.5,62427.25
686,2024-05-08 17:00:00,62414.5,62661.0,62356.5,62562.75
687,2024-05-08 18:00:00,62563.0,62739.0,62442.5,62498.25
688,2024-05-08 19:00:00,62490.5,62515.75,61946.75,62146.5
689,2024-05-08 20:01:00,62197.25,62210.5,61451.5,61564.25
690,2024-05-08 21:00:00,61557.5,61728.75,61371.25,61476.25
691,2024-05-08 22:00:00,61472.5,61550.25,61108.5,61246.5
692,2024-05-08 23:00:00,61243.25,61243.25,60869.25,61178.5
693,2024-05-09 00:00:00,61178.75,61425.75,61126.75,61394.5
694,2024-05-09 01:00:00,61382.25,61530.5,61363.0,61521.25
695,2024-05-09 02:00:00,61521.5,61648.0,61472.0,61648.0
696,2024-05-09 03:00:00,61647.75,61773.25,61408.0,61666.25
697,2024-05-09 04:00:00,61666.25,61722.25,61408.25,61466.5
698,2024-05-09 05:00:00,61466.25,61655.75,61433.25,61570.25
699,2024-05-09 06:00:00,61570.5,61747.0,61512.75,61600.5
700,2024-05-09 07:00:00,61587.75,61601.5,61138.25,61220.5
701,2024-05-09 08:00:00,61220.25,61404.0,61141.25,61273.5
702,2024-05-09 09:00:00,61273.25,61329.75,60909.0,61257.25
703,2024-05-09 10:00:00,61257.0,61290.0,60777.0,60780.5
704,2024-05-09 11:00:00,60780.5,61144.0,60630.75,61039.5
705,2024-05-09 12:00:00,61039.75,61576.0,61011.0,61500.5
706,2024-05-09 13:00:00,61500.5,61509.0,60882.0,61149.75
707,2024-05-09 14:00:00,61153.0,61508.75,61105.0,61508.75
708,2024-05-09 15:00:00,61508.75,62251.5,61449.25,62137.75
709,2024-05-09 16:00:00,62137.75,62647.75,61808.0,61852.5
710,2024-05-09 17:00:00,61849.75,62178.5,61746.0,61946.25
711,2024-05-09 18:00:00,61946.25,62229.25,61884.25,62229.25
712,2024-05-09 19:00:00,62229.5,62544.0,62189.5,62454.25
713,2024-05-09 20:01:00,62403.25,62647.75,62366.5,62647.75
714,2024-05-09 21:00:00,62647.5,62800.0,62426.75,62537.5
715,2024-05-09 22:00:00,62537.25,63422.0,62492.75,63295.0
716,2024-05-09 23:00:00,63295.0,63317.5,62866.5,63069.25
717,2024-05-10 00:00:00,63069.25,63072.75,62755.25,62833.75
718,2024-05-10 01:00:00,62834.0,62954.0,62675.0,62873.5
719,2024-05-10 02:00:00,62861.75,63010.75,62787.0,62895.0
720,2024-05-10 03:00:00,62894.75,62911.25,62798.5,62903.5
721,2024-05-10 04:00:00,62903.75,62986.75,62808.75,62916.75
722,2024-05-10 05:00:00,62925.0,62941.75,62696.0,62773.0
723,2024-05-10 06:00:00,62773.0,63204.75,62772.75,63141.75
724,2024-05-10 07:00:00,63142.0,63351.25,63003.75,63083.75
725,2024-05-10 08:00:00,63083.75,63116.25,62869.5,63020.5
726,2024-05-10 09:00:00,63020.5,63192.0,62859.0,63112.25
727,2024-05-10 10:00:00,63112.25,63112.25,62850.5,63009.25
728,2024-05-10 11:00:00,63009.5,63307.75,62812.25,63297.75
729,2024-05-10 12:00:00,63298.0,63459.25,62947.75,63012.25
730,2024-05-10 13:00:00,63012.25,63089.75,62816.25,62994.5
731,2024-05-10 14:00:00,62993.5,63048.25,60713.75,61069.5
732,2024-05-10 15:00:00,61075.75,61291.25,60705.25,60918.5
733,2024-05-10 16:00:00,60905.75,61263.25,60260.5,61070.75
734,2024-05-10 17:00:00,61063.5,61063.75,60190.75,60378.5
735,2024-05-10 18:00:00,60375.25,60732.0,60228.0,60695.0
736,2024-05-10 19:00:00,60695.0,60854.5,60520.75,60667.75
737,2024-05-12 07:00:00,60936.75,60937.0,60800.0,60827.75
738,2024-05-12 08:00:00,60900.25,61063.25,60900.0,60995.25
739,2024-05-12 09:00:00,61001.25,61038.75,60945.75,60981.5
740,2024-05-12 10:00:00,60981.5,61338.5,60931.5,61135.75
741,2024-05-12 11:00:00,61135.75,61201.0,61096.5,61132.5
742,2024-05-12 12:00:00,61132.75,61197.0,61076.25,61139.75
743,2024-05-12 13:00:00,61140.0,61201.0,61084.25,61193.0
744,2024-05-12 14:00:00,61193.0,61273.75,61109.25,61151.5
745,2024-05-12 15:00:00,61151.75,61533.0,61135.25,61382.0
746,2024-05-12 16:00:00,61382.25,61839.0,61345.5,61345.5
747,2024-05-12 17:00:00,61345.75,61630.0,61173.5,61622.25
748,2024-05-12 18:00:00,61622.5,61622.5,61341.5,61369.5
749,2024-05-12 19:00:00,61367.75,61409.25,61218.5,61379.0
750,2024-05-12 20:00:00,61379.0,61398.25,61272.5,61280.0
751,2024-05-12 21:00:00,61280.25,61280.25,60886.0,61210.75
752,2024-05-12 22:00:00,61210.75,61366.0,61180.0,61287.25
753,2024-05-12 23:00:00,61287.25,61501.5,61249.25,61452.5
754,2024-05-13 00:00:00,61452.75,61755.5,61452.5,61489.75
755,2024-05-13 01:00:00,61489.75,61489.75,61166.0,61380.5
756,2024-05-13 02:00:00,61380.75,61462.0,60935.5,61028.25
757,2024-05-13 03:00:00,61028.25,61150.75,60751.0,61132.0
758,2024-05-13 04:00:00,61132.0,61132.0,60878.0,60952.25
759,2024-05-13 05:00:00,60952.5,60989.5,60793.25,60846.0
760,2024-05-13 06:00:00,60846.0,61531.25,60810.25,61451.0
761,2024-05-13 07:00:00,61467.0,62404.0,61456.75,62317.75
762,2024-05-13 08:00:00,62317.75,63008.5,62317.75,62756.5
763,2024-05-13 09:00:00,62756.75,63239.25,62756.5,63044.25
764,2024-05-13 10:00:00,63034.75,63044.25,62363.0,62652.5
765,2024-05-13 11:00:00,62652.25,62736.25,62475.0,62703.5
766,2024-05-13 12:00:00,62703.5,62861.25,62428.5,62809.25
767,2024-05-13 13:00:00,62809.0,63000.0,62580.75,62758.75
768,2024-05-13 14:00:00,62758.5,63079.25,62707.0,62744.75
769,2024-05-13 15:00:00,62745.0,63174.5,62707.25,62984.0
770,2024-05-13 16:00:00,62984.25,63420.0,62914.5,63155.5
771,2024-05-13 17:00:00,63155.75,63162.25,62632.75,62800.0
772,2024-05-13 18:00:00,62800.0,62800.0,62555.0,62756.75
773,2024-05-13 19:00:00,62757.0,63166.0,62757.0,63163.0
774,2024-05-13 20:01:00,63103.5,63133.75,62984.5,63078.75
775,2024-05-13 21:00:00,63078.75,63085.5,62835.25,62876.75
776,2024-05-13 22:00:00,62877.0,62934.0,62712.75,62764.25
777,2024-05-13 23:00:00,62764.5,62941.75,62716.25,62923.0
778,2024-05-14 00:00:00,62923.0,63082.0,62685.0,62781.0
779,2024-05-14 01:00:00,62780.75,62983.0,62566.75,62656.5
780,2024-05-14 02:00:00,62656.25,62666.5,62278.75,62491.5
781,2024-05-14 03:00:00,62491.5,62609.75,62314.25,62410.25
782,2024-05-14 04:00:00,62410.5,62563.25,62308.0,62480.5
783,2024-05-14 05:00:00,62480.5,62673.0,62425.0,62640.5
784,2024-05-14 06:00:00,62640.5,62640.5,61383.75,61980.25
785,2024-05-14 07:00:00,61989.0,62047.25,61786.5,61978.25
786,2024-05-14 08:00:00,61978.5,61978.5,61668.0,61828.25
787,2024-05-14 09:00:00,61828.0,61897.5,61726.75,61756.0
788,2024-05-14 10:00:00,61755.75,61771.0,61503.75,61684.75
789,2024-05-14 11:00:00,61684.75,61834.25,61664.75,61743.75
790,2024-05-14 12:00:00,61743.5,62049.0,61142.0,61520.25
791,2024-05-14 13:00:00,61509.25,61999.0,61412.25,61640.25
792,2024-05-14 14:00:00,61640.0,62251.75,61118.75,61751.75
793,2024-05-14 15:00:00,61751.75,61995.75,61615.0,61748.0
794,2024-05-14 16:00:00,61747.75,61768.25,61151.75,61304.75
795,2024-05-14 17:00:00,61305.0,61416.0,61060.75,61212.0
796,2024-05-14 18:00:00,61212.0,61402.75,61154.75,61347.25
797,2024-05-14 19:00:00,61347.25,61640.75,61318.75,61553.5
798,2024-05-14 20:01:00,61544.25,61652.25,61519.5,61559.25
799,2024-05-14 21:00:00,61559.25,61738.0,61448.0,61662.5
800,2024-05-14 22:00:00,61662.5,61722.0,61547.0,61673.0
801,2024-05-14 23:00:00,61673.25,61680.0,61522.0,61542.0
802,2024-05-15 00:00:00,61541.75,61759.0,61317.25,61402.0
803,2024-05-15 01:00:00,61402.0,61715.75,61401.75,61659.5
804,2024-05-15 02:00:00,61659.25,61871.25,61659.25,61753.0
805,2024-05-15 03:00:00,61753.25,61998.25,61753.0,61918.75
806,2024-05-15 04:00:00,61918.75,61953.75,61800.0,61891.5
807,2024-05-15 05:00:00,61891.5,62032.25,61886.25,61909.25
808,2024-05-15 06:00:00,61910.25,61945.0,61818.0,61921.75
809,2024-05-15 07:00:00,61922.0,62233.75,61891.75,62183.25
810,2024-05-15 08:00:00,62183.25,62228.0,62054.25,62120.5
811,2024-05-15 09:00:00,62120.5,62899.0,61939.75,62677.0
812,2024-05-15 10:00:00,62677.25,62975.0,62404.0,62680.5
813,2024-05-15 11:00:00,62680.5,62823.25,62265.5,62443.5
814,2024-05-15 12:00:00,62443.5,64135.0,62425.25,63716.0
815,2024-05-15 13:00:00,63717.0,64642.0,63496.0,64114.5
816,2024-05-15 14:00:00,64121.75,64440.75,63916.0,64440.75
817,2024-05-15 15:00:00,64440.75,65028.0,64344.25,64642.5
818,2024-05-15 16:00:00,64642.75,65072.0,64642.75,64733.75
819,2024-05-15 17:00:00,64733.75,65121.25,64733.5,65034.75
820,2024-05-15 18:00:00,65035.0,65781.25,64951.25,65688.25
821,2024-05-15 19:00:00,65688.25,66275.75,65264.75,65857.5
822,2024-05-15 20:01:00,65817.0,66012.75,65381.0,65548.25
823,2024-05-15 21:00:00,65548.25,66075.0,65289.75,65702.25
824,2024-05-15 22:00:00,65702.25,66249.0,65319.75,65839.25
825,2024-05-15 23:00:00,65839.0,66397.0,65794.0,65916.5
826,2024-05-16 00:00:00,65916.5,66639.0,65701.0,65864.5
827,2024-05-16 01:00:00,65864.75,66129.5,65771.25,65888.0
828,2024-05-16 02:00:00,65888.0,66081.5,65757.5,65843.5
829,2024-05-16 03:00:00,65843.5,66083.0,65780.75,65921.75
830,2024-05-16 04:00:00,65922.0,65943.75,65772.75,65773.0
831,2024-05-16 05:00:00,65773.0,65854.5,65742.25,65777.25
832,2024-05-16 06:00:00,65765.0,65988.0,65613.0,65915.5
833,2024-05-16 07:00:00,65915.5,66182.25,65915.25,66124.25
834,2024-05-16 08:00:00,66124.25,66434.25,66091.75,66327.75
835,2024-05-16 09:00:00,66327.5,66360.25,66130.25,66360.0
836,2024-05-16 10:00:00,66360.25,66360.25,66135.0,66163.25
837,2024-05-16 11:00:00,66163.0,66569.25,66061.5,66551.25
838,2024-05-16 12:00:00,66551.0,66767.0,65944.25,66028.25
839,2024-05-16 13:00:00,66028.25,66372.25,65787.5,66349.25
840,2024-05-16 14:00:00,66349.25,66384.0,65630.75,65630.75
841,2024-05-16 15:00:00,65624.0,65892.0,65391.75,65840.25
842,2024-05-16 16:00:00,65840.25,65840.5,65114.0,65131.0
843,2024-05-16 17:00:00,65131.0,65374.5,64583.25,64981.25
844,2024-05-16 18:00:00,64981.25,65172.5,64843.0,65116.75
845,2024-05-16 19:00:00,65116.5,65575.5,65096.5,65173.25
846,2024-05-16 20:01:00,65204.5,65272.0,65068.75,65265.25
847,2024-05-16 21:00:00,65268.75,65501.5,65254.5,65462.0
848,2024-05-16 22:00:00,65462.0,65473.5,65157.25,65416.75
849,2024-05-16 23:00:00,65416.5,65416.75,65203.0,65235.25
850,2024-05-17 00:00:00,65235.0,65496.75,65235.0,65496.75
851,2024-05-17 01:00:00,65496.75,65496.75,65121.0,65341.25
852,2024-05-17 02:00:00,65341.0,65435.25,65194.75,65378.75
853,2024-05-17 03:00:00,65379.0,65871.75,65365.25,65602.75
854,2024-05-17 04:00:00,65602.5,65629.75,65396.75,65458.0
855,2024-05-17 05:00:00,65458.0,65702.75,65457.75,65702.75
856,2024-05-17 06:00:00,65702.75,66141.5,65602.0,65992.25
857,2024-05-17 07:00:00,65965.25,66501.0,65965.25,66422.0
858,2024-05-17 08:00:00,66422.0,66469.0,66082.75,66158.75
859,2024-05-17 09:00:00,66158.75,66371.5,66105.25,66366.5
860,2024-05-17 10:00:00,66366.5,66515.25,66190.5,66508.5
861,2024-05-17 11:00:00,66508.5,66565.0,66219.5,66220.25
862,2024-05-17 12:00:00,66220.25,66546.0,66129.75,66398.0
863,2024-05-17 13:00:00,66398.0,66448.0,65829.0,65955.5
864,2024-05-17 14:00:00,65955.75,66860.75,65942.5,66847.25
865,2024-05-17 15:00:00,66865.5,67464.0,66592.25,67205.25
866,2024-05-17 16:00:00,67205.25,67326.5,66956.0,66957.0
867,2024-05-17 17:00:00,66957.0,67028.0,66693.75,66754.75
868,2024-05-17 18:00:00,66754.75,66868.0,66236.25,66831.25
869,2024-05-17 19:00:00,66831.25,67081.25,66679.75,67075.25
870,2024-05-19 07:00:00,67009.5,67303.25,67001.5,67303.25
871,2024-05-19 08:00:00,67303.25,67322.75,67141.0,67186.75
872,2024-05-19 09:00:00,67186.5,67186.75,67021.75,67172.75
873,2024-05-19 10:00:00,67172.75,67634.0,67134.25,67254.0
874,2024-05-19 11:00:00,67265.75,67362.0,66982.25,67311.25
875,2024-05-19 12:00:00,67311.25,67311.25,66811.0,66848.75
876,2024-05-19 13:00:00,66849.0,67131.75,66675.25,67022.0
877,2024-05-19 14:00:00,67021.75,67140.5,66845.25,66894.25
878,2024-05-19 15:00:00,66894.25,66956.25,66720.0,66862.0
879,2024-05-19 16:00:00,66861.75,66961.25,66565.75,66632.25
880,2024-05-19 17:00:00,66632.5,66771.0,66530.25,66683.25
881,2024-05-19 18:00:00,66683.25,66722.75,66544.0,66552.25
882,2024-05-19 19:00:00,66555.75,66613.75,65887.25,66019.25
883,2024-05-19 20:00:00,66019.25,66255.25,65975.5,66123.25
884,2024-05-19 21:00:00,66123.0,66305.75,65976.75,66221.0
885,2024-05-19 22:00:00,66221.25,66380.75,66202.0,66318.75
886,2024-05-19 23:00:00,66318.5,66318.75,66133.0,66227.75
887,2024-05-20 00:00:00,66227.75,66446.5,66114.5,66425.0
888,2024-05-20 01:00:00,66424.75,66543.5,66052.75,66507.25
889,2024-05-20 02:00:00,66507.0,66716.75,66492.5,66654.25
890,2024-05-20 03:00:00,66654.25,66733.5,66564.5,66656.5
891,2024-05-20 04:00:00,66656.5,67124.5,66621.75,67117.25
892,2024-05-20 05:00:00,67103.25,67267.0,67047.0,67103.75
893,2024-05-20 06:00:00,67104.0,67116.75,66279.5,66394.5
894,2024-05-20 07:00:00,66394.5,66866.75,66377.25,66798.25
895,2024-05-20 08:00:00,66798.25,66991.75,66727.75,66785.0
896,2024-05-20 09:00:00,66748.5,66967.5,66745.0,66884.75
897,2024-05-20 10:00:00,66885.0,67316.0,66869.0,67125.25
898,2024-05-20 11:00:00,67125.0,67291.0,66913.5,66988.25
899,2024-05-20 12:00:00,66993.75,67082.5,66796.75,66921.75
900,2024-05-20 13:00:00,66921.75,67162.25,66784.0,67072.25
901,2024-05-20 14:00:00,67072.25,67095.5,66774.75,66986.25
902,2024-05-20 15:00:00,66986.25,67483.5,66903.75,67416.5
903,2024-05-20 16:00:00,67416.25,68271.5,67397.0,68198.75
904,2024-05-20 17:00:00,68196.0,68622.0,68070.0,68352.25
905,2024-05-20 18:00:00,68352.0,68775.0,68325.25,68765.75
906,2024-05-20 19:00:00,68765.75,70068.5,68652.5,70068.5
907,2024-05-20 20:01:00,70178.0,70229.75,69116.75,69445.75
908,2024-05-20 21:00:00,69445.75,69743.75,68641.75,69704.25
909,2024-05-20 22:00:00,69714.0,69956.0,69550.0,69616.0
910,2024-05-20 23:00:00,69616.0,71500.0,69615.75,71398.75
911,2024-05-21 00:00:00,71398.75,71954.25,71066.25,71267.5
912,2024-05-21 01:00:00,71267.5,71267.75,70600.0,71076.25
913,2024-05-21 02:00:00,71076.5,71373.75,70753.0,71274.25
914,2024-05-21 03:00:00,71274.25,71353.0,71093.5,71275.0
915,2024-05-21 04:00:00,71275.0,71275.25,70815.5,70883.0
916,2024-05-21 05:00:00,70883.0,71166.5,70790.5,71140.5
917,2024-05-21 06:00:00,71140.5,71330.0,71048.5,71130.5
918,2024-05-21 07:00:00,71130.5,71171.0,70845.5,70845.75
919,2024-05-21 08:00:00,70845.5,70991.25,70790.75,70848.0
920,2024-05-21 09:00:00,70848.25,71007.0,70811.75,70944.5
921,2024-05-21 10:00:00,70928.5,71237.25,70911.0,71003.25
922,2024-05-21 11:00:00,71003.0,71404.25,70940.25,71085.25
923,2024-05-21 12:00:00,71085.5,71389.75,70996.75,71313.25
924,2024-05-21 13:00:00,71313.25,71313.25,70527.5,70569.5
925,2024-05-21 14:00:00,70565.75,70850.0,70177.75,70178.0
926,2024-05-21 15:00:00,70177.75,70449.75,69652.5,69778.25
927,2024-05-21 16:00:00,69778.25,70216.0,69640.75,69641.0
928,2024-05-21 17:00:00,69640.0,69893.25,69529.25,69818.75
929,2024-05-21 18:00:00,69818.75,69894.5,69500.0,69786.0
930,2024-05-21 19:00:00,69785.75,69912.75,69156.75,69268.25
931,2024-05-21 20:01:00,69252.0,69723.0,69252.0,69707.75
932,2024-05-21 21:00:00,69707.5,69766.25,69442.0,69705.25
933,2024-05-21 22:00:00,69711.25,70203.0,69711.0,70203.0
934,2024-05-21 23:00:00,70206.75,70371.25,70103.75,70126.25
935,2024-05-22 00:00:00,70126.5,70253.75,70055.5,70106.5
936,2024-05-22 01:00:00,70106.5,70184.5,70014.75,70135.75
937,2024-05-22 02:00:00,70135.75,70347.25,69929.0,70002.75
938,2024-05-22 03:00:00,70003.0,70034.75,69817.75,69940.25
939,2024-05-22 04:00:00,69940.25,69973.25,69212.5,69582.75
940,2024-05-22 05:00:00,69582.75,69900.25,69524.75,69883.0
941,2024-05-22 06:00:00,69882.75,70024.75,69791.75,69828.0
942,2024-05-22 07:00:00,69828.25,69868.0,69581.5,69711.25
943,2024-05-22 08:00:00,69711.5,70175.75,69626.5,70007.0
944,2024-05-22 09:00:00,70007.0,70054.75,69840.0,69986.5
945,2024-05-22 10:00:00,69986.5,70194.25,69922.0,70187.25
946,2024-05-22 11:00:00,70187.5,70251.75,69726.0,69726.25
947,2024-05-22 12:00:00,69706.0,70058.0,69508.0,69632.0
948,2024-05-22 13:00:00,69632.0,69882.25,69446.5,69566.0
949,2024-05-22 14:00:00,69576.75,70162.5,69444.75,70111.75
950,2024-05-22 15:00:00,70112.0,70566.75,69928.75,70452.25
951,2024-05-22 16:00:00,70452.5,70625.5,70205.5,70235.0
952,2024-05-22 17:00:00,70235.0,70431.75,69672.5,69872.5
953,2024-05-22 18:00:00,69868.75,69889.25,69252.5,69588.75
954,2024-05-22 19:00:00,69588.75,69767.0,69429.0,69605.0
955,2024-05-22 20:01:00,69633.5,69925.5,69377.0,69418.75
956,2024-05-22 21:00:00,69418.5,69599.0,68950.5,69451.0
957,2024-05-22 22:00:00,69450.75,69484.0,69026.75,69122.0
958,2024-05-22 23:00:00,69122.0,69165.25,69007.0,69122.0
959,2024-05-23 00:00:00,69122.25,69575.5,69122.25,69478.75
960,2024-05-23 01:00:00,69479.0,69555.0,69234.75,69463.5
961,2024-05-23 02:00:00,69463.5,69517.25,69337.75,69427.25
962,2024-05-23 03:00:00,69427.5,69447.0,69277.0,69384.75
963,2024-05-23 04:00:00,69384.75,69539.0,69377.5,69506.5
964,2024-05-23 05:00:00,69506.75,69515.5,69313.25,69432.75
965,2024-05-23 06:00:00,69418.25,69618.5,69342.0,69534.25
966,2024-05-23 07:00:00,69534.25,69811.75,69429.5,69694.5
967,2024-05-23 08:00:00,69694.5,69786.25,69559.5,69617.0
968,2024-05-23 09:00:00,69627.0,69811.5,69578.75,69623.0
969,2024-05-23 10:00:00,69623.0,69767.5,69519.25,69519.25
970,2024-05-23 11:00:00,69519.5,70015.25,69519.25,69955.0
971,2024-05-23 12:00:00,69943.75,70015.75,69015.0,69408.0
972,2024-05-23 13:00:00,69404.0,69538.0,67548.75,67986.5
973,2024-05-23 14:00:00,67986.5,68291.0,67591.0,67707.25
974,2024-05-23 15:00:00,67707.25,68245.25,67682.0,68033.5
975,2024-05-23 16:00:00,68033.25,68118.25,67786.0,67794.0
976,2024-05-23 17:00:00,67794.25,68055.0,67556.0,67576.75
977,2024-05-23 18:00:00,67576.75,67617.75,66705.5,67315.75
978,2024-05-23 19:00:00,67315.75,67630.5,67031.5,67106.0
979,2024-05-23 20:01:00,66550.0,67875.25,66490.75,67744.0
980,2024-05-23 21:00:00,67743.75,68303.5,67143.5,67938.25
981,2024-05-23 22:00:00,67940.75,67940.75,67528.25,67622.0
982,2024-05-23 23:00:00,67622.25,67947.0,67458.5,67946.75
983,2024-05-24 00:00:00,67946.5,67968.25,67625.25,67824.75
984,2024-05-24 01:00:00,67824.5,67824.75,67641.5,67721.5
985,2024-05-24 02:00:00,67721.5,67964.25,67624.25,67944.0
986,2024-05-24 03:00:00,67944.0,67982.0,67792.5,67840.0
987,2024-05-24 04:00:00,67847.5,67865.75,67632.75,67654.0
988,2024-05-24 05:00:00,67661.5,67661.5,67064.75,67262.5
989,2024-05-24 06:00:00,67262.25,67538.75,66853.75,66882.0
990,2024-05-24 07:00:00,66851.75,67287.0,66836.5,67131.75
991,2024-05-24 08:00:00,67142.0,67172.0,66609.75,67151.5
992,2024-05-24 09:00:00,67151.5,67381.5,67023.0,67346.0
993,2024-05-24 10:00:00,67345.75,67474.25,67298.75,67324.0
994,2024-05-24 11:00:00,67324.25,67414.75,67259.25,67306.75
995,2024-05-24 12:00:00,67306.75,67544.0,67306.5,67473.75
996,2024-05-24 13:00:00,67473.5,67546.75,66902.5,67043.25
997,2024-05-24 14:00:00,67043.5,67976.0,66963.25,67818.5
998,2024-05-24 15:00:00,67818.25,68383.25,67818.25,68294.0
999,2024-05-24 16:00:00,68294.0,68424.5,67933.25,68364.0
1000,2024-05-24 17:00:00,68363.75,68911.0,68363.75,68897.0
1001,2024-05-24 18:00:00,68897.0,69165.75,68827.5,68959.0
1002,2024-05-24 19:00:00,68952.5,69239.75,68763.25,69144.25
1003,2024-05-26 07:00:00,69054.75,69383.0,69054.75,69288.0
1004,2024-05-26 08:00:00,69288.0,69482.75,69060.25,69120.0
1005,2024-05-26 09:00:00,69120.0,69209.0,68970.0,69040.5
1006,2024-05-26 10:00:00,69040.75,69183.0,69040.5,69181.75
1007,2024-05-26 11:00:00,69181.75,69191.75,69029.5,69099.25
1008,2024-05-26 12:00:00,69099.5,69099.5,68936.0,68950.25
1009,2024-05-26 13:00:00,68950.25,69096.75,68932.0,69096.75
1010,2024-05-26 14:00:00,69096.75,69256.0,69011.0,69242.75
1011,2024-05-26 15:00:00,69243.0,69336.25,68646.0,68810.75
1012,2024-05-26 16:00:00,68810.75,68931.25,68688.75,68790.0
1013,2024-05-26 17:00:00,68789.75,68854.5,68716.5,68742.5
1014,2024-05-26 18:00:00,68742.5,68781.75,68691.75,68744.0
1015,2024-05-26 19:00:00,68744.0,68855.75,68743.75,68830.75
1016,2024-05-26 20:00:00,68831.0,68831.5,68683.75,68683.75
1017,2024-05-26 21:00:00,68683.75,68684.0,68197.75,68469.0
1018,2024-05-26 22:00:00,68468.5,68653.25,68424.75,68528.75
1019,2024-05-26 23:00:00,68527.5,68527.75,68334.25,68464.25
1020,2024-05-27 00:00:00,68464.25,68748.75,68437.25,68745.0
1021,2024-05-27 01:00:00,68745.0,69240.25,68692.25,69034.0
1022,2024-05-27 02:00:00,69034.25,69221.25,68974.0,69053.75
1023,2024-05-27 03:00:00,69053.75,69155.25,68797.75,68832.75
1024,2024-05-27 04:00:00,68833.0,68833.0,68752.0,68752.25
1025,2024-05-27 05:00:00,68752.0,68752.25,68301.75,68500.25
1026,2024-05-27 06:00:00,68500.25,68565.75,68369.5,68370.25
1027,2024-05-27 07:00:00,68370.0,68658.75,68308.75,68621.0
1028,2024-05-27 08:00:00,68620.75,68852.25,68493.75,68604.75
1029,2024-05-27 09:00:00,68584.25,68598.75,68427.25,68564.5
1030,2024-05-27 10:00:00,68564.5,68564.5,68400.0,68539.75
1031,2024-05-27 11:00:00,68539.5,68599.25,68230.0,68401.25
1032,2024-05-27 12:00:00,68401.25,68589.75,68345.0,68584.25
1033,2024-05-27 13:00:00,68584.5,68976.0,68556.25,68884.5
1034,2024-05-27 14:00:00,68884.25,69430.0,68801.25,69430.0
1035,2024-05-27 15:00:00,69437.25,70435.0,69437.0,70299.5
1036,2024-05-27 16:00:00,70299.5,70607.0,70090.25,70093.25
1037,2024-05-27 17:00:00,70093.25,70255.5,69957.75,70117.75
1038,2024-05-27 18:00:00,70117.75,70154.0,69800.25,69892.75
1039,2024-05-27 19:00:00,69892.5,70028.0,69003.25,69200.0
1040,2024-05-27 20:01:00,69140.75,69636.75,69140.75,69595.0
1041,2024-05-27 21:00:00,69594.75,69813.0,69532.25,69754.5
1042,2024-05-27 22:00:00,69754.5,69754.5,69490.25,69518.5
1043,2024-05-27 23:00:00,69518.25,69518.5,69262.25,69383.5
1044,2024-05-28 00:00:00,69383.5,69391.25,69056.25,69310.0
1045,2024-05-28 01:00:00,69310.25,69514.25,68507.5,68570.25
1046,2024-05-28 02:00:00,68570.0,68784.25,68379.25,68639.5
1047,2024-05-28 03:00:00,68639.5,68669.5,67730.25,68010.25
1048,2024-05-28 04:00:00,68010.25,68084.0,67442.5,67752.25
1049,2024-05-28 05:00:00,67752.25,67988.0,67613.0,67988.0
1050,2024-05-28 06:00:00,67988.0,67997.75,67732.75,67912.5
1051,2024-05-28 07:00:00,67912.5,67945.25,67628.75,67649.25
1052,2024-05-28 08:00:00,67649.25,68166.75,67565.0,68087.25
1053,2024-05-28 09:00:00,68087.25,68437.25,67966.5,68295.0
1054,2024-05-28 10:00:00,68295.25,68824.5,68217.75,68529.0
1055,2024-05-28 11:00:00,68529.0,68570.0,68225.25,68315.25
1056,2024-05-28 12:00:00,68315.25,68481.25,68101.25,68141.5
1057,2024-05-28 13:00:00,68131.5,68395.5,67600.0,67692.5
1058,2024-05-28 14:00:00,67692.75,68177.25,67476.25,67906.0
1059,2024-05-28 15:00:00,67905.75,68379.75,67679.5,68307.0
1060,2024-05-28 16:00:00,68307.25,68366.0,67646.0,67664.25
1061,2024-05-28 17:00:00,67664.0,68066.25,67608.0,67696.75
1062,2024-05-28 18:00:00,67696.5,67891.25,67203.5,67778.75
1063,2024-05-28 19:00:00,67779.0,68537.25,67778.75,68364.25
1064,2024-05-28 20:01:00,68372.5,68458.75,68067.5,68237.25
1065,2024-05-28 21:00:00,68237.0,68444.75,68185.5,68319.0
1066,2024-05-28 22:00:00,68319.0,68599.0,68310.75,68556.5
1067,2024-05-28 23:00:00,68556.25,68556.5,68315.5,68315.75
1068,2024-05-29 00:00:00,68315.75,68483.75,68230.5,68399.5
1069,2024-05-29 01:00:00,68399.25,68615.5,68244.75,68494.75
1070,2024-05-29 02:00:00,68495.0,68847.0,68410.25,68621.5
1071,2024-05-29 03:00:00,68621.5,68804.0,68621.25,68761.0
1072,2024-05-29 04:00:00,68761.25,68841.25,68691.25,68770.0
1073,2024-05-29 05:00:00,68770.25,68770.25,68520.5,68526.5
1074,2024-05-29 06:00:00,68526.75,68587.25,68404.5,68453.75
1075,2024-05-29 07:00:00,68453.75,68454.0,67908.0,67921.25
1076,2024-05-29 08:00:00,67900.75,67900.75,67565.5,67805.25
1077,2024-05-29 09:00:00,67805.0,67944.0,67648.0,67847.5
1078,2024-05-29 10:00:00,67847.25,67942.0,67750.0,67917.75
1079,2024-05-29 11:00:00,67918.0,67918.0,67693.25,67693.25
1080,2024-05-29 12:00:00,67693.5,67975.0,67555.0,67842.0
1081,2024-05-29 13:00:00,67842.25,68214.0,67563.0,67819.5
1082,2024-05-29 14:00:00,67827.75,67911.75,67482.5,67588.5
1083,2024-05-29 15:00:00,67588.5,67777.75,67275.0,67333.0
1084,2024-05-29 16:00:00,67333.0,67626.5,67096.5,67488.5
1085,2024-05-29 17:00:00,67488.75,67606.25,67285.0,67538.25
1086,2024-05-29 18:00:00,67538.25,67545.25,67178.75,67315.5
1087,2024-05-29 19:00:00,67315.25,67675.25,67165.5,67190.5
1088,2024-05-29 20:01:00,67217.25,67415.75,67097.75,67415.5
1089,2024-05-29 21:00:00,67415.5,67727.0,67274.0,67620.0
1090,2024-05-29 22:00:00,67620.25,67730.5,67536.25,67618.75
1091,2024-05-29 23:00:00,67618.75,67645.5,67506.25,67576.0
1092,2024-05-30 00:00:00,67576.0,67744.0,67507.0,67515.5
1093,2024-05-30 01:00:00,67515.75,67772.5,67439.0,67713.25
1094,2024-05-30 02:00:00,67713.0,68123.5,67713.0,67875.75
1095,2024-05-30 03:00:00,67875.5,68084.75,67855.5,68025.5
1096,2024-05-30 04:00:00,68025.5,68341.5,67916.5,68090.75
1097,2024-05-30 05:00:00,68090.75,68117.75,67925.25,68054.5
1098,2024-05-30 06:00:00,68059.25,68116.25,67716.0,67785.25
1099,2024-05-30 07:00:00,67791.75,67955.5,67500.0,67572.5
1100,2024-05-30 08:00:00,67572.25,67714.0,67113.0,67656.75
1101,2024-05-30 09:00:00,67657.0,67711.75,67438.75,67694.5
1102,2024-05-30 10:00:00,67694.75,67949.5,67524.75,67918.0
1103,2024-05-30 11:00:00,67918.0,68059.0,67785.5,67785.75
1104,2024-05-30 12:00:00,67785.75,68244.0,67715.25,68098.5
1105,2024-05-30 13:00:00,68098.5,68652.5,68016.5,68588.25
1106,2024-05-30 14:00:00,68588.25,68799.0,68260.5,68344.75
1107,2024-05-30 15:00:00,68345.0,68582.5,68142.5,68497.75
1108,2024-05-30 16:00:00,68497.75,68661.0,68377.75,68661.0
1109,2024-05-30 17:00:00,68660.75,69488.0,68658.0,69325.25
1110,2024-05-30 18:00:00,69325.5,69403.0,69061.25,69338.25
1111,2024-05-30 19:00:00,69338.25,69338.25,68449.75,68656.5
1112,2024-05-30 20:01:00,68552.75,68563.75,68051.5,68450.75
1113,2024-05-30 21:00:00,68450.75,68503.75,68308.75,68394.25
1114,2024-05-30 22:00:00,68394.25,68418.75,68224.0,68297.25
1115,2024-05-30 23:00:00,68297.25,68475.25,68241.5,68349.0
1116,2024-05-31 00:00:00,68348.75,68428.0,68280.5,68428.0
1117,2024-05-31 01:00:00,68428.0,68599.5,68302.5,68415.5
1118,2024-05-31 02:00:00,68415.5,68676.0,68415.25,68505.75
1119,2024-05-31 03:00:00,68505.75,68587.0,68465.5,68511.25
1120,2024-05-31 04:00:00,68511.0,68605.5,68472.25,68489.5
1121,2024-05-31 05:00:00,68489.5,68489.5,68270.0,68418.25
1122,2024-05-31 06:00:00,68418.25,68424.75,68213.25,68216.75
1123,2024-05-31 07:00:00,68225.25,68429.0,68071.75,68142.5
1124,2024-05-31 08:00:00,68153.0,68273.0,68110.25,68139.0
1125,2024-05-31 09:00:00,68139.0,68158.25,67863.0,67904.0
1126,2024-05-31 10:00:00,67904.0,68281.0,67904.0,68278.25
1127,2024-05-31 11:00:00,68278.0,68404.75,68247.75,68320.0
1128,2024-05-31 12:00:00,68320.25,68985.0,68290.5,68600.5
1129,2024-05-31 13:00:00,68600.75,68780.0,67994.0,68058.0
1130,2024-05-31 14:00:00,68058.0,68058.0,67208.25,67419.0
1131,2024-05-31 15:00:00,67419.25,67461.75,67164.5,67164.5
1132,2024-05-31 16:00:00,67164.75,67279.25,66621.25,67152.5
1133,2024-05-31 17:00:00,67152.25,67384.25,67128.5,67278.25
1134,2024-05-31 18:00:00,67278.0,67365.25,67104.25,67318.75
1135,2024-05-31 19:00:00,67318.75,67899.0,67273.0,67565.0
1136,2024-06-02 07:00:00,67774.0,67774.0,67700.0,67701.25
1137,2024-06-02 08:00:00,67699.0,67744.0,67633.75,67720.25
1138,2024-06-02 09:00:00,67720.0,67720.25,67377.5,67483.75
1139,2024-06-02 10:00:00,67483.75,67511.75,67346.75,67481.5
1140,2024-06-02 11:00:00,67481.5,68239.0,67474.75,68190.75
1141,2024-06-02 12:00:00,68191.0,68242.25,67834.0,67887.0
1142,2024-06-02 13:00:00,67894.75,68167.75,67771.0,68110.25
1143,2024-06-02 14:00:00,68110.25,68389.75,68038.5,68180.75
1144,2024-06-02 15:00:00,68181.0,68225.75,67991.0,68098.75
1145,2024-06-02 16:00:00,68098.75,68141.0,67950.75,68048.0
1146,2024-06-02 17:00:00,68047.75,68049.75,67802.25,67846.0
1147,2024-06-02 18:00:00,67846.0,67846.0,67443.75,67651.75
1148,2024-06-02 19:00:00,67652.0,67743.0,67253.0,67699.25
1149,2024-06-02 20:00:00,67699.25,67779.75,67546.5,67779.5
1150,2024-06-02 21:00:00,67779.75,67858.5,67725.25,67785.5
1151,2024-06-02 22:00:00,67785.5,67939.75,67783.0,67888.25
1152,2024-06-02 23:00:00,67888.25,67927.5,67768.25,67768.5
1153,2024-06-03 00:00:00,67768.5,67810.25,67582.0,67750.5
1154,2024-06-03 01:00:00,67750.5,68486.5,67750.5,68416.5
1155,2024-06-03 02:00:00,68416.5,68719.5,68390.0,68390.25
1156,2024-06-03 03:00:00,68390.25,68475.0,68208.25,68359.25
1157,2024-06-03 04:00:00,68359.25,68547.0,68277.0,68482.75
1158,2024-06-03 05:00:00,68480.75,68722.25,68421.5,68661.75
1159,2024-06-03 06:00:00,68661.75,69161.0,68603.25,69018.0
1160,2024-06-03 07:00:00,69018.0,69121.5,68788.0,68865.75
1161,2024-06-03 08:00:00,68866.0,69333.0,68866.0,69128.5
1162,2024-06-03 09:00:00,69116.75,69150.0,68888.25,68993.75
1163,2024-06-03 10:00:00,68994.0,69131.0,68881.5,68902.0
1164,2024-06-03 11:00:00,68902.0,69208.25,68846.0,69060.5
1165,2024-06-03 12:00:00,69060.5,69743.75,69060.25,69720.5
1166,2024-06-03 13:00:00,69720.5,70224.75,69501.25,69784.25
1167,2024-06-03 14:00:00,69784.25,70070.0,68526.5,68762.75
1168,2024-06-03 15:00:00,68762.75,69590.25,68762.5,69565.25
1169,2024-06-03 16:00:00,69565.5,69695.25,68909.0,69066.0
1170,2024-06-03 17:00:00,69066.25,69360.25,68806.25,69230.0
1171,2024-06-03 18:00:00,69230.0,69417.75,69161.0,69264.25
1172,2024-06-03 19:00:00,69264.0,69278.25,69014.0,69194.25
1173,2024-06-03 20:01:00,69197.0,69476.25,69092.0,69092.0
1174,2024-06-03 21:00:00,69092.0,69153.0,68928.25,69061.5
1175,2024-06-03 22:00:00,69061.25,69117.25,68823.25,69017.5
1176,2024-06-03 23:00:00,69017.75,69025.0,68723.75,68808.75
1177,2024-06-04 00:00:00,68808.5,69066.0,68648.25,68993.25
1178,2024-06-04 01:00:00,68993.25,69189.5,68892.0,69189.25
1179,2024-06-04 02:00:00,69189.25,69283.0,69081.0,69107.75
1180,2024-06-04 03:00:00,69107.75,69323.5,69107.5,69154.75
1181,2024-06-04 04:00:00,69154.75,69219.5,69028.75,69032.75
1182,2024-06-04 05:00:00,69032.5,69116.25,68891.5,68928.5
1183,2024-06-04 06:00:00,68928.75,69004.25,68747.5,68913.75
1184,2024-06-04 07:00:00,68904.0,69030.25,68903.75,69003.25
1185,2024-06-04 08:00:00,69003.0,69144.25,68831.5,68831.5
1186,2024-06-04 09:00:00,68829.25,68853.5,68561.75,68685.5
1187,2024-06-04 10:00:00,68685.25,68925.25,68685.25,68876.75
1188,2024-06-04 11:00:00,68876.75,68992.5,68830.75,68916.25
1189,2024-06-04 12:00:00,68916.0,69121.0,68827.0,68911.25
1190,2024-06-04 13:00:00,68911.25,69800.0,68911.25,69533.25
1191,2024-06-04 14:00:00,69533.0,71000.0,69325.25,69629.5
1192,2024-06-04 15:00:00,69629.25,70466.75,69459.0,70420.25
1193,2024-06-04 16:00:00,70420.25,71000.0,70406.75,70814.5
1194,2024-06-04 17:00:00,70814.25,70841.75,70365.75,70561.0
1195,2024-06-04 18:00:00,70561.0,71034.0,70561.0,70718.0
1196,2024-06-04 19:00:00,70718.25,70722.25,70090.25,70443.5
1197,2024-06-04 20:01:00,70370.0,70537.25,70184.5,70419.75
1198,2024-06-04 21:00:00,70419.5,70617.25,70355.5,70608.75
1199,2024-06-04 22:00:00,70608.75,70723.25,70538.25,70589.5
1200,2024-06-04 23:00:00,70589.5,70606.0,70422.75,70554.75
1201,2024-06-05 00:00:00,70555.0,70884.0,70452.5,70789.5
1202,2024-06-05 01:00:00,70789.75,71265.0,70696.0,70990.75
1203,2024-06-05 02:00:00,70990.75,71124.25,70673.5,70842.0
1204,2024-06-05 03:00:00,70842.0,70966.0,70787.5,70966.0
1205,2024-06-05 04:00:00,70966.0,71218.25,70845.25,71177.0
1206,2024-06-05 05:00:00,71177.0,71177.25,70911.25,71005.5
1207,2024-06-05 06:00:00,71005.5,71129.0,70872.25,71093.25
1208,2024-06-05 07:00:00,71093.25,71350.0,71040.75,71185.75
1209,2024-06-05 08:00:00,71185.75,71194.5,70878.25,70896.25
1210,2024-06-05 09:00:00,70911.25,71010.5,70828.0,70865.0
1211,2024-06-05 10:00:00,70864.75,70879.25,70729.25,70806.0
1212,2024-06-05 11:00:00,70806.0,71061.0,70697.5,70964.5
1213,2024-06-05 12:00:00,70964.5,71089.5,70639.75,70953.5
1214,2024-06-05 13:00:00,70953.25,71146.5,70621.5,70716.0
1215,2024-06-05 14:00:00,70716.25,71044.0,70367.5,70852.25
1216,2024-06-05 15:00:00,70852.5,71706.75,70796.0,71590.25
1217,2024-06-05 16:00:00,71590.5,71783.75,71269.5,71322.75
1218,2024-06-05 17:00:00,71318.75,71698.25,71240.25,71626.25
1219,2024-06-05 18:00:00,71626.0,71727.5,70915.25,71106.25
1220,2024-06-05 19:00:00,71106.25,71440.25,70876.75,71294.0
1221,2024-06-05 20:01:00,71340.75,71351.0,71188.75,71217.5
1222,2024-06-05 21:00:00,71217.25,71237.5,71051.75,71145.25
1223,2024-06-05 22:00:00,71145.5,71262.25,71107.25,71168.25
1224,2024-06-05 23:00:00,71168.25,71267.25,70760.25,71106.0
1225,2024-06-06 00:00:00,71105.75,71178.5,70968.5,71001.0
1226,2024-06-06 01:00:00,71006.25,71171.25,70923.0,71148.75
1227,2024-06-06 02:00:00,71148.5,71226.75,71125.5,71175.5
1228,2024-06-06 03:00:00,71175.5,71185.25,71025.0,71049.25
1229,2024-06-06 04:00:00,71049.0,71087.75,70923.5,71067.5
1230,2024-06-06 05:00:00,71058.0,71067.75,70821.0,70903.0
1231,2024-06-06 06:00:00,70903.0,71022.75,70824.0,70879.5
1232,2024-06-06 07:00:00,70879.75,71053.75,70879.5,71022.25
1233,2024-06-06 08:00:00,71022.5,71022.5,70900.0,70936.25
1234,2024-06-06 09:00:00,70930.5,71129.75,70924.0,70970.0
1235,2024-06-06 10:00:00,70970.0,71000.0,70912.0,70984.5
1236,2024-06-06 11:00:00,70984.5,71165.0,70935.0,71156.25
1237,2024-06-06 12:00:00,71156.25,71404.25,71055.75,71167.5
1238,2024-06-06 13:00:00,71167.5,71500.0,70988.5,71136.5
1239,2024-06-06 14:00:00,71136.5,71481.75,71024.0,71434.25
1240,2024-06-06 15:00:00,71434.0,71630.75,71216.75,71260.75
1241,2024-06-06 16:00:00,71261.0,71342.5,70808.25,70941.5
1242,2024-06-06 17:00:00,70941.25,71201.0,70784.0,71062.5
1243,2024-06-06 18:00:00,71062.75,71120.75,70855.75,71059.25
1244,2024-06-06 19:00:00,71056.5,71056.75,70506.25,70506.5
1245,2024-06-06 20:01:00,70401.25,70691.25,70105.25,70690.5
1246,2024-06-06 21:00:00,70690.75,70804.0,70654.5,70726.0
1247,2024-06-06 22:00:00,70726.0,70863.5,70662.5,70863.5
1248,2024-06-06 23:00:00,70863.5,70921.0,70752.75,70785.0
1249,2024-06-07 00:00:00,70784.75,70843.25,70742.0,70843.0
1250,2024-06-07 01:00:00,70843.25,70859.25,70672.0,70832.75
1251,2024-06-07 02:00:00,70832.75,70832.75,70680.0,70786.25
1252,2024-06-07 03:00:00,70786.5,71000.0,70738.0,70967.25
1253,2024-06-07 04:00:00,70967.0,71268.0,70967.0,71229.0
1254,2024-06-07 05:00:00,71228.75,71411.25,71169.25,71283.0
1255,2024-06-07 06:00:00,71283.25,71332.75,71176.0,71236.0
1256,2024-06-07 07:00:00,71236.0,71278.5,71058.25,71086.5
1257,2024-06-07 08:00:00,71086.5,71141.25,71039.75,71074.25
1258,2024-06-07 09:00:00,71074.25,71255.0,71039.0,71255.0
1259,2024-06-07 10:00:00,71255.0,71369.25,71174.75,71335.25
1260,2024-06-07 11:00:00,71335.0,71655.25,71267.0,71637.0
1261,2024-06-07 12:00:00,71637.25,71929.0,70633.25,71197.25
1262,2024-06-07 13:00:00,71196.5,71595.75,71049.5,71483.25
1263,2024-06-07 14:00:00,71483.25,71514.0,71131.25,71368.5
1264,2024-06-07 15:00:00,71368.75,71368.75,70838.5,71065.0
1265,2024-06-07 16:00:00,71065.0,71140.0,70757.0,70811.5
1266,2024-06-07 17:00:00,70811.5,70811.5,69699.0,69701.25
1267,2024-06-07 18:00:00,69692.0,69747.0,68455.0,69093.5
1268,2024-06-07 19:00:00,69093.5,69380.0,68750.0,69230.25
1269,2024-06-09 07:00:00,69385.25,69411.25,69302.5,69302.5
1270,2024-06-09 08:00:00,69302.5,69334.25,69302.5,69334.0
1271,2024-06-09 09:00:00,69334.0,69368.75,69334.0,69360.0
1272,2024-06-09 10:00:00,69360.0,69360.0,69342.0,69346.0
1273,2024-06-09 11:00:00,69346.25,69369.25,69341.0,69366.5
1274,2024-06-09 12:00:00,69366.75,69742.5,69366.5,69698.25
1275,2024-06-09 13:00:00,69698.5,69756.0,69300.75,69448.75
1276,2024-06-09 14:00:00,69449.0,69533.0,69275.0,69480.25
1277,2024-06-09 15:00:00,69480.25,69572.5,69429.5,69515.75
1278,2024-06-09 16:00:00,69515.75,69616.25,69486.0,69597.75
1279,2024-06-09 17:00:00,69598.0,69686.25,69585.5,69651.0
1280,2024-06-09 18:00:00,69650.75,69815.5,69623.0,69742.5
1281,2024-06-09 19:00:00,69742.5,69832.0,69665.75,69717.75
1282,2024-06-09 20:00:00,69718.0,69718.0,69612.75,69702.0
1283,2024-06-09 21:00:00,69702.0,69810.25,69621.25,69742.75
1284,2024-06-09 22:00:00,69742.5,69767.5,69642.0,69642.0
1285,2024-06-09 23:00:00,69642.0,69680.0,69615.5,69648.5
1286,2024-06-10 00:00:00,69648.5,69648.75,69433.5,69549.5
1287,2024-06-10 01:00:00,69549.25,69661.0,69521.0,69614.25
1288,2024-06-10 02:00:00,69614.0,69768.25,69592.25,69702.5
1289,2024-06-10 03:00:00,69702.25,69736.25,69587.5,69587.75
1290,2024-06-10 04:00:00,69587.5,69642.5,69527.0,69640.5
1291,2024-06-10 05:00:00,69640.75,69640.75,69524.0,69542.75
1292,2024-06-10 06:00:00,69542.75,69594.0,69341.0,69420.75
1293,2024-06-10 07:00:00,69420.75,69469.5,69266.75,69287.75
1294,2024-06-10 08:00:00,69287.75,69447.5,69285.25,69400.25
1295,2024-06-10 09:00:00,69400.0,69429.5,69186.25,69408.25
1296,2024-06-10 10:00:00,69408.25,69430.75,69351.5,69397.25
1297,2024-06-10 11:00:00,69397.5,69514.25,69329.0,69444.25
1298,2024-06-10 12:00:00,69444.5,69473.0,69306.5,69328.25
1299,2024-06-10 13:00:00,69328.0,69468.25,69222.25,69377.0
1300,2024-06-10 14:00:00,69377.0,69652.75,69284.25,69629.0
1301,2024-06-10 15:00:00,69628.75,70158.5,69587.75,70037.5
1302,2024-06-10 16:00:00,70037.25,70307.25,69720.5,69973.5
1303,2024-06-10 17:00:00,69973.75,70046.75,69770.5,70038.0
1304,2024-06-10 18:00:00,70033.25,70093.0,69727.5,69851.5
1305,2024-06-10 19:00:00,69851.5,69851.5,69383.75,69463.25
1306,2024-06-10 20:01:00,69429.25,69657.0,69330.75,69614.0
1307,2024-06-10 21:00:00,69603.75,69651.5,69516.5,69560.25
1308,2024-06-10 22:00:00,69560.25,69560.25,69403.5,69458.25
1309,2024-06-10 23:00:00,69458.5,69509.0,69371.25,69508.75
1310,2024-06-11 00:00:00,69509.0,69512.5,69398.25,69398.5
1311,2024-06-11 01:00:00,69398.5,69480.0,68500.0,68697.0
1312,2024-06-11 02:00:00,68697.25,68891.5,67893.0,68216.75
1313,2024-06-11 03:00:00,68217.0,68452.25,68148.25,68435.75
1314,2024-06-11 04:00:00,68435.75,68435.75,67631.5,68018.5
1315,2024-06-11 05:00:00,68018.25,68018.25,67650.0,67857.5
1316,2024-06-11 06:00:00,67857.25,67917.0,67331.5,67630.75
1317,2024-06-11 07:00:00,67631.0,67790.75,67512.75,67542.0
1318,2024-06-11 08:00:00,67542.0,67601.25,67289.75,67496.25
1319,2024-06-11 09:00:00,67496.5,67622.75,66869.25,67062.5
1320,2024-06-11 10:00:00,67062.75,67250.0,66715.75,66926.0
1321,2024-06-11 11:00:00,66926.0,66926.0,66882.25,66882.5
